평가년도,도서관구분,도서관코드,도서관명,행정구역,시군구,장서수(인쇄),사서수,대출자수,대출권수,도서예산(자료구입비)
2023,LIBTYPE000002,2030111007,더불어 숲,대구,북구,35151,0,10670,17693,11300
2023,LIBTYPE000002,2030111012,제3의시간,서울,종로구,4434,1,0,0,65580
2023,LIBTYPE000002,2060141162,가람도서관,경기,파주시,58903,7,20625,100145,65832
2023,LIBTYPE000002,2060111042,가온도서관,서울,중구,82131,6,6387,70236,117010
2023,LIBTYPE000002,2060125007,갈마도서관,대전,서구,213371,4,6834,122711,121352
2023,LIBTYPE000002,2060111092,갈산도서관,서울,양천구,52158,7,66448,117012,134416
2023,LIBTYPE000002,2060123011,갈산도서관,인천,부평구,29204,4,2990,28370,21294
2023,LIBTYPE000002,2060143024,감곡도서관,충북,음성군,38390,1,606,8858,12086
2023,LIBTYPE000002,2060147006,감포도서관,경북,경주시,59770,1,469,10753,24080
2023,LIBTYPE000002,2060143026,강내도서관,충북,청주시,90704,2,26675,104326,44100
2023,LIBTYPE000002,2060111067,개봉도서관,서울,구로구,36771,2,6017,45476,21834
2023,LIBTYPE000002,2060111018,거마도서관,서울,송파구,51570,5,9459,77739,42000
2023,LIBTYPE000002,2060823014,검단도서관,인천,서구,82520,3,6832,116955,60592
2023,LIBTYPE000002,2060123028,검암도서관,인천,서구,52711,5,17537,122397,132424
2023,LIBTYPE000002,2060147038,경북도서관,경북,예천군,168270,7,8099,250161,784324
2023,LIBTYPE000002,2060144001,계룡도서관,충남,계룡시,79535,2,6694,71024,65195
2023,LIBTYPE000002,2060142020,관전도서관,강원,철원군,34924,1,552,8303,20000
2023,LIBTYPE000002,2060125023,관평도서관,대전,유성구,32977,6,5979,137335,68415
2023,LIBTYPE000002,2060141282,광남도서관,경기,광주시,32527,4,0,0,580000
2023,LIBTYPE000002,2060141201,광적도서관,경기,양주시,45783,4,4966,22515,41810
2023,LIBTYPE000002,2060121028,교리도서관,부산,기장군,26109,3,3771,88244,53240
2023,LIBTYPE000002,2060141096,교하도서관,경기,파주시,201782,10,16253,239502,171952
2023,LIBTYPE000002,2060125022,구암도서관,대전,유성구,58205,2,7311,82943,81201
2023,LIBTYPE000002,2060125011,구즉도서관,대전,유성구,95136,3,7315,99918,70460
2023,LIBTYPE000002,20601110046,글빛도서관,서울,성북구,22046,6,10000,127377,29500
2023,LIBTYPE000002,2060121019,금곡도서관,부산,북구,74757,4,5892,97067,108349
2023,LIBTYPE000002,2060141265,금사도서관,경기,여주시,15629,0.5,956,22530,20000
2023,LIBTYPE000002,2060121027,금샘도서관,부산,금정구,74299,8.5,19074,364152,170230
2023,LIBTYPE000002,2060121008,금정도서관,부산,금정구,247239,10,13619,268022,186011
2023,LIBTYPE000002,2060121009,기장도서관,부산,기장군,191108,7,6291,100500,103000
2023,LIBTYPE000002,2060123018,꿈벗도서관,인천,중구,43594,4,846,15257,33862
2023,LIBTYPE000002,2060121002,남구도서관,부산,남구,280802,13,15482,339120,226657
2023,LIBTYPE000002,2060142039,남면도서관,강원,홍천군,19896,0.5,477,10683,27019
2023,LIBTYPE000002,2060131014,남목도서관,울산,동구,36189,2,2689,30724,60000
2023,LIBTYPE000002,2060141217,남사도서관,경기,용인시,84520,4,13942,167299,148847
2023,LIBTYPE000002,2060123022,내가도서관,인천,강화군,16630,0,151,3047,14917
2023,LIBTYPE000002,2060148011,내서도서관,경남,창원시,132074,2,4759,114520,93873
2023,LIBTYPE000002,2060125019,노은도서관,대전,유성구,93034,4,12328,187050,76829
2023,LIBTYPE000002,2060141179,논골도서관,경기,성남시,17313,1,4489,16182,11082
2023,LIBTYPE000002,2060111013,논현도서관,서울,강남구,50835,5,13666,94604,68319
2023,LIBTYPE000002,2060141203,능평도서관,경기,광주시,75865,3,6721,149664,89860
2023,LIBTYPE000002,2060121013,다대도서관,부산,사하구,156774,7.5,40865,136693,197783
2023,LIBTYPE000002,2060147037,다산도서관,경북,고령군,29348,3,823,20296,49600
2023,LIBTYPE000002,2060147007,단석도서관,경북,경주시,50609,2,4221,6816,24523
2023,LIBTYPE000002,2060111033,대림도서관,서울,영등포구,70350,8,11594,173094,127279
2023,LIBTYPE000002,2060141199,대부도서관,경기,안산시,46426,1,1528,25449,29600
2023,LIBTYPE000002,2060141240,대신도서관,경기,여주시,28751,1,1581,65562,3000
2023,LIBTYPE000002,2060111014,대치도서관,서울,강남구,59388,6,17795,136060,57820
2023,LIBTYPE000002,2060121003,동구도서관,부산,동구,126216,5,4091,90256,91408
2023,LIBTYPE000002,2050149004,동녘도서관,제주,제주시,93160,4,1314,53912,68760
2023,LIBTYPE000002,2060148008,동부도서관,경남,창원시,153118,6,10363,175128,98669
2023,LIBTYPE000002,2060123009,동양도서관,인천,계양구,46904,3,3085,40664,28084
2023,LIBTYPE000002,2060121004,만덕도서관,부산,북구,136283,5,8691,158715,113518
2023,LIBTYPE000002,2060141274,만선도서관,경기,광주시,19587,6,1238,11747,64200
2023,LIBTYPE000002,2030141007,만화도서관,경기,부천시,216277,1,45,1645,60000
2023,LIBTYPE000002,2060121011,망미도서관,부산,수영구,79869,2,42720,122103,58680
2023,LIBTYPE000002,2060131011,매곡도서관,울산,북구,50729,2,8708,170924,48518
2023,LIBTYPE000002,2060143008,매포도서관,충북,단양군,46784,0,204,8046,14280
2023,LIBTYPE000002,2060148028,명곡도서관,경남,창원시,100600,4,11239,138392,102033
2023,LIBTYPE000002,2030145001,명봉도서관,전북,정읍시,27682,1,154,2076,6304
2023,LIBTYPE000002,2060142024,모루도서관,강원,강릉시,100245,3,31684,99037,77527
2023,LIBTYPE000002,2060111037,문래도서관,서울,영등포구,65805,10,12729,232391,96000
2023,LIBTYPE000002,20601110024,미감도서관,서울,양천구,21150,3,6529,38555,100630
2023,LIBTYPE000002,2060121006,반여도서관,부산,해운대구,62134,2,1479,4292,42000
2023,LIBTYPE000002,2060141228,반월도서관,경기,안산시,40040,1,3955,37631,29248
2023,LIBTYPE000002,20601110013,방배도서관,서울,서초구,20357,2,10997,67745,40034
2023,LIBTYPE000002,2060123003,백령도서관,인천,옹진군,39455,0,240,480,3000
2023,LIBTYPE000002,2060141194,별빛도서관,경기,남양주시,95432,3,14357,294027,84442
2023,LIBTYPE000002,2060141137,보라도서관,경기,용인시,153079,5,16074,274544,156459
2023,LIBTYPE000002,2060141174,본오도서관,경기,안산시,35603,1,3996,27825,28668
2023,LIBTYPE000002,2060141105,봉담도서관,경기,화성시,126669,6,13607,203828,120348
2023,LIBTYPE000002,2060143006,봉양도서관,충북,제천시,34652,2,1078,16909,49958
2023,LIBTYPE000002,2060123016,부개도서관,인천,부평구,66869,7,6570,98122,80371
2023,LIBTYPE000002,2060121025,부산도서관,부산,사상구,371929,24,26283,367294,947800
2023,LIBTYPE000002,2060147034,북삼도서관,경북,칠곡군,78173,2,1732,34386,60678
2023,LIBTYPE000002,20601110022,불암도서관,서울,노원구,57482,10,14293,143539,118730
2023,LIBTYPE000002,2060122019,비원도서관,대구,서구,30174,1.5,1390,28578,37263
2023,LIBTYPE000002,2030122007,비전도서관,대구,달성군,17114,1,572,13704,16000
2023,LIBTYPE000002,2060121010,사상도서관,부산,사상구,148275,6,5409,129232,173840
2023,LIBTYPE000002,2060145039,산들도서관,전북,군산시,22198,3,1814,40232,43210
2023,LIBTYPE000002,2060123013,삼산도서관,인천,부평구,71918,7,36491,118766,101770
2023,LIBTYPE000002,2060143030,삼성도서관,충북,음성군,13201,1,454,4131,12498
2023,LIBTYPE000002,2060146019,삼호도서관,전남,영암군,124178,3,3133,26512,63000
2023,LIBTYPE000002,2060111074,상계도서관,서울,노원구,72043,8,12959,97080,114026
2023,LIBTYPE000002,2060148003,상남도서관,경남,창원시,178253,3,16317,182344,98450
2023,LIBTYPE000002,2060124013,상록도서관,광주,서구,59211,6,3790,51964,73444
2023,LIBTYPE000002,2060141187,상현도서관,경기,용인시,158538,3.5,26274,546960,171616
2023,LIBTYPE000002,2030122001,새벗도서관,대구,달서구,66896,1,638,17280,11300
2023,LIBTYPE000002,2060141262,서농도서관,경기,용인시,61068,3.5,15738,356022,173304
2023,LIBTYPE000002,2060142037,서석도서관,강원,홍천군,21208,1,4474,13160,24000
2023,LIBTYPE000002,2060123008,서운도서관,인천,계양구,42406,3,2739,44684,25839
2023,LIBTYPE000002,2060111078,서울도서관,서울,중구,544739,24,140462,324512,710272
2023,LIBTYPE000002,20601110009,서이도서관,서울,서초구,24809,1,10240,48319,32767
2023,LIBTYPE000002,2060123021,서창도서관,인천,남동구,91356,4,7359,130941,57560
2023,LIBTYPE000002,2060823013,석남도서관,인천,서구,60648,4,4483,56763,56991
2023,LIBTYPE000002,2060147033,석적도서관,경북,칠곡군,78366,2,2558,71470,61298
2023,LIBTYPE000002,2060141184,선부도서관,경기,안산시,53716,1,11372,27092,35180
2023,LIBTYPE000002,2060111051,선유도서관,서울,영등포구,63941,6,5556,50147,80000
2023,LIBTYPE000002,2060144034,설림도서관,전북,군산시,59094,4,1877,23320,51227
2023,LIBTYPE000002,2060141260,성복도서관,경기,용인시,48813,3.5,17602,348634,181251
2023,LIBTYPE000002,2060148024,성산도서관,경남,창원시,127223,4,15570,211354,92608
2023,LIBTYPE000002,2060141055,세종도서관,경기,여주시,156449,3,3553,50378,62996
2023,LIBTYPE000002,2060123020,소래도서관,인천,남동구,117476,3,9171,162268,69752
2023,LIBTYPE000002,2060142002,소양도서관,강원,춘천시,44898,1,3445,42949,56752
2023,LIBTYPE000002,2060123012,송림도서관,인천,동구,90517,6,39731,39731,88743
2023,LIBTYPE000002,2050149002,송악도서관,제주,서귀포시,109562,4,3233,78130,67456
2023,LIBTYPE000002,2060125020,송촌도서관,대전,대덕구,96011,5,5724,126216,96656
2023,LIBTYPE000002,2060147032,송화도서관,경북,경주시,70106,3.5,4620,30101,64435
2023,LIBTYPE000002,2060141207,수암도서관,경기,안산시,25865,1,2585,22562,24624
2023,LIBTYPE000002,2060124006,신가도서관,광주,광산구,62462,0,0,0,0
2023,LIBTYPE000002,2060123015,신석도서관,인천,서구,71019,4,13009,66546,50385
2023,LIBTYPE000002,2060124019,신용도서관,광주,북구,35225,3,8499,191835,96404
2023,LIBTYPE000002,2060823015,심곡도서관,인천,서구,75257,4,27485,93350,53658
2023,LIBTYPE000002,2060145031,아중도서관,전북,전주시,92636,3,7138,90765,72513
2023,LIBTYPE000002,2060125012,안산도서관,대전,대덕구,142358,2,4557,80294,89281
2023,LIBTYPE000002,2060149007,애월도서관,제주,제주시,75001,2,5298,78497,47000
2023,LIBTYPE000002,20601110018,약수도서관,서울,동작구,80875,2,7688,49672,33208
2023,LIBTYPE000002,2060141258,양벌도서관,경기,광주시,20636,1,3335,43149,36200
2023,LIBTYPE000002,2060124016,양산도서관,광주,북구,40589,3,6714,136042,84036
2023,LIBTYPE000002,2060141113,양산도서관,경기,오산시,58273,2,3878,50458,34411
2023,LIBTYPE000002,2060144026,엄사도서관,충남,계룡시,71353,1,5957,71214,56000
2023,LIBTYPE000002,2060141133,여주도서관,경기,여주시,163759,5.5,6041,147385,143514
2023,LIBTYPE000002,2060111036,역삼도서관,서울,강남구,38545,4,14000,73607,53689
2023,LIBTYPE000002,2060121014,연제도서관,부산,연제구,151447,9,15129,366311,175000
2023,LIBTYPE000002,2060141085,연천도서관,경기,연천군,72093,1.5,1595,43382,50925
2023,LIBTYPE000002,2060141283,영덕도서관,경기,용인시,23272,3,1287,8153,300210
2023,LIBTYPE000002,2060121005,영도도서관,부산,영도구,157858,7,43041,138495,175000
2023,LIBTYPE000002,2060146018,영암도서관,전남,영암군,156217,6,15031,37799,71857
2023,LIBTYPE000002,2060141107,오포도서관,경기,광주시,98069,4,6908,117599,84500
2023,LIBTYPE000002,2060143007,옥산도서관,충북,청주시,72279,1,10339,75858,41300
2023,LIBTYPE000002,2060123030,용비도서관,인천,미추홀구,42334,3,24880,82920,23909
2023,LIBTYPE000002,2060131012,울산도서관,울산,남구,265707,11.5,34164,659477,621444
2023,LIBTYPE000002,2050131004,울주도서관,울산,울주군,260849,12,4929,124916,174749
2023,LIBTYPE000002,2060142023,원통도서관,강원,인제군,30227,0,552,14512,41705
2023,LIBTYPE000002,2060111034,월계도서관,서울,노원구,53046,5,6118,34990,30501
2023,LIBTYPE000002,2060141150,월곶도서관,경기,시흥시,43041,2,2082,76073,48923
2023,LIBTYPE000002,2060141229,월롱도서관,경기,파주시,12248,2,1797,8767,17404
2023,LIBTYPE000002,2060125025,월평도서관,대전,서구,80254,3,15147,391650,178324
2023,LIBTYPE000002,2060125009,유성도서관,대전,유성구,122991,5,11584,135954,79218
2023,LIBTYPE000002,2060123035,임학도서관,인천,계양구,17810,2,3029,32626,28331
2023,LIBTYPE000002,2060125015,자양도서관,대전,동구,54074,1,1224,27329,30000
2023,LIBTYPE000002,2060123019,작전도서관,인천,계양구,45516,5,5083,63712,49498
2023,LIBTYPE000002,20601110010,잠원도서관,서울,서초구,26037,2,11710,83463,39486
2023,LIBTYPE000002,2060124012,장덕도서관,광주,광산구,76588,3.5,32102,190936,71850
2023,LIBTYPE000002,2060148016,장유도서관,경남,김해시,126264,7,6606,73590,30726
2023,LIBTYPE000002,2060141121,적성도서관,경기,파주시,44626,2,2623,12956,26600
2023,LIBTYPE000002,2060125027,전민도서관,대전,유성구,22991,6,0,0,24976
2023,LIBTYPE000002,2060141219,점동도서관,경기,여주시,32928,2,1140,15580,38753
2023,LIBTYPE000002,2060121016,정관도서관,부산,기장군,219343,10,86852,287732,217000
2023,LIBTYPE000002,2060141147,정남도서관,경기,화성시,42947,2,5347,33879,42811
2023,LIBTYPE000002,20601110006,정릉도서관,서울,성북구,35934,3,4592,32163,23889
2023,LIBTYPE000002,2060144036,정산도서관,충남,청양군,40365,1,3784,3784,20000
2023,LIBTYPE000002,2050149005,제남도서관,제주,서귀포시,99383,4,9097,42870,60000
2023,LIBTYPE000002,2050149001,제주도서관,제주,제주시,281897,10,94828,280022,288513
2023,LIBTYPE000002,2060141119,조리도서관,경기,파주시,44402,3,6681,27756,23000
2023,LIBTYPE000002,2060111072,조원도서관,서울,관악구,60022,3,9225,54118,55569
2023,LIBTYPE000002,2060144037,죽정도서관,충남,보령시,41244,2,2910,35827,48603
2023,LIBTYPE000002,2060124017,중흥도서관,광주,북구,37344,8,6661,132855,126200
2023,LIBTYPE000002,2060121026,지사도서관,부산,강서구,24406,2,2491,40738,64653
2023,LIBTYPE000002,2060144033,진산도서관,충남,금산군,36415,0,2192,6198,15000
2023,LIBTYPE000002,2060125021,진잠도서관,대전,유성구,83061,4,8393,102814,67091
2023,LIBTYPE000002,2060148007,진해도서관,경남,창원시,211163,6,13213,188430,130034
2023,LIBTYPE000002,2060146038,철마도서관,전남,진도군,49748,1,938,2141,46000
2023,LIBTYPE000002,2030142002,철암도서관,강원,태백시,14308,0,60,769,1000
2023,LIBTYPE000002,2060124007,첨단도서관,광주,광산구,58608,3,6092,103642,68850
2023,LIBTYPE000002,2060111015,청담도서관,서울,강남구,36391,4,10117,51192,47740
2023,LIBTYPE000002,2060123017,청천도서관,인천,부평구,63789,5,27654,83606,64183
2023,LIBTYPE000002,2060111056,청파도서관,서울,용산구,40737,3,1618,18334,60000
2023,LIBTYPE000002,2060141148,초월도서관,경기,광주시,99319,1,8047,161176,99500
2023,LIBTYPE000002,2060144027,추부도서관,충남,금산군,39453,1,1643,5703,15000
2023,LIBTYPE000002,2060144040,충남도서관,충남,홍성군,266573,10,15457,348069,557324
2023,LIBTYPE000002,2060148015,칠암도서관,경남,김해시,160901,5.5,2239,91278,107904
2023,LIBTYPE000002,2060147008,칠평도서관,경북,경주시,55982,2,650,33688,48016
2023,LIBTYPE000002,2060141204,탄현도서관,경기,파주시,19396,0,4908,14600,24923
2023,LIBTYPE000002,2060149002,탐라도서관,제주,제주시,208843,5,115526,349865,220999
2023,LIBTYPE000002,2060141271,퇴촌도서관,경기,광주시,22022,5,2243,38972,34200
2023,LIBTYPE000002,2060141221,파평도서관,경기,파주시,12378,1.5,1308,5172,13400
2023,LIBTYPE000002,2060141123,판교도서관,경기,성남시,230839,4,35565,438724,169751
2023,LIBTYPE000002,2060149012,표선도서관,제주,서귀포시,77598,3,4199,72271,37000
2023,LIBTYPE000002,2060111065,하늘도서관,서울,구로구,29835,3,4868,15691,25614
2023,LIBTYPE000002,2060149009,한경도서관,제주,제주시,63349,2,1856,42606,47000
2023,LIBTYPE000002,2060141149,한빛도서관,경기,파주시,108452,3,12807,277736,114900
2023,LIBTYPE000002,2060141220,한울도서관,경기,파주시,70059,4,18161,225610,127530
2023,LIBTYPE000002,2060141090,해밀도서관,경기,부천시,83994,2,1424,29557,77260
2023,LIBTYPE000002,2060141128,해솔도서관,경기,파주시,83322,5,28962,164198,80292
2023,LIBTYPE000002,2060125016,홍도도서관,대전,동구,56179,1,1564,33364,30000
2023,LIBTYPE000002,2060111071,화랑도서관,서울,노원구,35714,6,36818,89812,68305
2023,LIBTYPE000002,2060121012,화명도서관,부산,북구,178945,12,151084,307277,126986
2023,LIBTYPE000002,2060148021,화전도서관,경남,남해군,71439,2,4120,5750,27280
2023,LIBTYPE000002,2060123005,효성도서관,인천,계양구,50253,2,4205,59101,29133
2023,LIBTYPE000002,2060141277,흥천도서관,경기,여주시,12371,1,1009,9460,34600
2023,LIBTYPE000002,2030111008,가락몰도서관,서울,송파구,37265,4,9389,77992,25526
2023,LIBTYPE000002,2060125008,가수원도서관,대전,서구,192225,3,9321,235631,138716
2023,LIBTYPE000002,2060141215,가재울도서관,경기,의정부시,30772,3.5,6825,37435,31000
2023,LIBTYPE000002,2060146017,강진군도서관,전남,강진군,139392,4,1785,45342,59700
2023,LIBTYPE000002,2060132008,고운동도서관,세종,세종시,46667,1,6409,76336,23000
2023,LIBTYPE000002,2060141108,곤지암도서관,경기,광주시,90412,3,3705,42650,79500
2023,LIBTYPE000002,2060122003,구수산도서관,대구,북구,132554,11,76413,261763,167912
2023,LIBTYPE000002,20601110059,군자동도서관,서울,광진구,16031,3,9463,66260,30905
2023,LIBTYPE000002,20601110047,김영삼도서관,서울,동작구,52026,14,16790,177673,86000
2023,LIBTYPE000002,20601110052,까망돌도서관,서울,동작구,31579,9,11206,132952,67692
2023,LIBTYPE000002,2060148013,꿈이랑도서관,경남,통영시,28353,2,1348,22870,24823
2023,LIBTYPE000002,2060132015,나성동도서관,세종,세종시,26051,1,5051,61466,78000
2023,LIBTYPE000002,2060141254,노을빛도서관,경기,화성시,29380,2,6418,99237,75219
2023,LIBTYPE000002,2060132011,다정동도서관,세종,세종시,46085,1,11811,186129,21600
2023,LIBTYPE000002,2060132005,대평동도서관,세종,세종시,46144,1,7515,87474,25021
2023,LIBTYPE000002,2060132002,도담동도서관,세종,세종시,45170,1,6950,43362,21600
2023,LIBTYPE000002,2060111093,돌마리도서관,서울,송파구,27440,2,7031,67335,26715
2023,LIBTYPE000002,2060125018,무지개도서관,대전,동구,63240,2,2308,110300,41738
2023,LIBTYPE000002,2060141144,물푸레도서관,경기,파주시,46706,3,4270,43788,27500
2023,LIBTYPE000002,2060142038,미리내도서관,강원,원주시,42993,8,3362,183579,109568
2023,LIBTYPE000002,2060132013,반곡동도서관,세종,세종시,29490,1,7533,130742,90058
2023,LIBTYPE000002,2060132007,보람동도서관,세종,세종시,55600,1,8266,57161,23750
2023,LIBTYPE000002,2060147024,북울진도서관,경북,울진군,68092,4,3265,34281,40000
2023,LIBTYPE000002,2030141001,사랑샘도서관,경기,수원시,25603,2,8399,26117,26792
2023,LIBTYPE000002,2060141280,상록수도서관,경기,안산시,17833,1,1885,11808,112260
2023,LIBTYPE000002,2060132006,새롬동도서관,세종,세종시,55125,1,11826,188042,24500
2023,LIBTYPE000002,2060142042,샘마루도서관,강원,원주시,23769,6,6051,48065,349858
2023,LIBTYPE000002,2050149006,서귀포도서관,제주,서귀포시,220308,6,1329,29766,115273
2023,LIBTYPE000002,2060143031,서충주도서관,충북,충주시,60640,2,5030,96268,82800
2023,LIBTYPE000002,2060132009,소담동도서관,세종,세종시,58702,1,10189,170699,21600
2023,LIBTYPE000002,2060141252,소래빛도서관,경기,시흥시,102642,14,6758,206767,68972
2023,LIBTYPE000002,2060141235,소리울도서관,경기,오산시,35288,3,4434,81742,41781
2023,LIBTYPE000002,2060121007,수영구도서관,부산,수영구,145405,8,107387,295210,200948
2023,LIBTYPE000002,2060141253,술이홀도서관,경기,파주시,15390,1,1387,8804,13300
2023,LIBTYPE000002,2060125013,신탄진도서관,대전,대덕구,161772,4,4215,109367,103760
2023,LIBTYPE000002,2060125026,아가랑도서관,대전,유성구,15846,3.5,4353,119762,53213
2023,LIBTYPE000002,2060132003,아름동도서관,세종,세종시,63508,1,8644,110828,23000
2023,LIBTYPE000002,2060111011,아리랑도서관,서울,성북구,90943,7,9923,69280,109933
2023,LIBTYPE000002,2060131009,약숫골도서관,울산,중구,40187,3,4595,80055,30000
2023,LIBTYPE000002,2060111070,어울림도서관,서울,중구,88923,8,30788,87370,89292
2023,LIBTYPE000002,2060143017,올누림도서관,충북,단양군,107019,2,1445,22869,45113
2023,LIBTYPE000002,2060122020,원고개도서관,대구,서구,28853,1.5,1238,20725,31582
2023,LIBTYPE000002,2060141170,원고잔도서관,경기,안산시,43653,1,10220,24664,25000
2023,LIBTYPE000002,2060125024,원신흥도서관,대전,유성구,49636,5,14845,273705,76998
2023,LIBTYPE000002,20601110036,은뜨락도서관,서울,은평구,34368,6,10539,115964,62994
2023,LIBTYPE000002,2060146033,정남진도서관,전남,장흥군,101418,0,6000,19426,49999
2023,LIBTYPE000002,2060111021,정다운도서관,서울,강남구,49140,3,13003,107683,54717
2023,LIBTYPE000002,2050143005,제천학생회관,충북,제천시,20247,3,30,36,35995
2023,LIBTYPE000002,2060149008,조천읍도서관,제주,제주시,72892,2.5,18401,64929,89039
2023,LIBTYPE000002,2060132004,종촌동도서관,세종,세종시,57213,1,13962,97786,21600
2023,LIBTYPE000002,2060111022,즐거운도서관,서울,강남구,38327,5,11197,65451,52060
2023,LIBTYPE000002,2060124021,책정원도서관,광주,동구,19520,1.5,448,2011,315000
2023,LIBTYPE000002,2060148043,최윤덕도서관,경남,창원시,55968,7,13515,224063,104361
2023,LIBTYPE000002,2060123004,학나래도서관,인천,미추홀구,61246,3.5,13071,45094,25487
2023,LIBTYPE000002,2060111050,학마을도서관,서울,도봉구,71905,9,7899,96431,74478
2023,LIBTYPE000002,2060132001,한솔동도서관,세종,세종시,33473,1,5596,31821,21600
2023,LIBTYPE000002,2050149003,한수풀도서관,제주,제주시,95822,4,1904,71052,60000
2023,LIBTYPE000002,2060123027,해돋이도서관,인천,연수구,72094,1.5,134080,246100,98331
2023,LIBTYPE000002,2060132014,해밀동도서관,세종,세종시,29055,1,6857,111248,93966
2023,LIBTYPE000002,2060141226,해오름도서관,경기,성남시,77513,2,15529,152985,104313
2023,LIBTYPE000002,2060111023,행복한도서관,서울,강남구,46611,5,13866,115552,59832
2023,LIBTYPE000002,2030141004,희망샘도서관,경기,수원시,35367,4,6306,35898,24588
2023,LIBTYPE000002,2060111035,꿈마을 도서관,서울,구로구,21343,2,4882,24699,25226
2023,LIBTYPE000002,2060131002,농소1동도서관,울산,북구,51908,2,3321,56927,30960
2023,LIBTYPE000002,2060111089,아름꿈 도서관,서울,종로구,31535,2,3872,11562,15000
2023,LIBTYPE000002,2060131015,강동바다도서관,울산,북구,21090,3,2010,33683,270000
2023,LIBTYPE000002,2050142003,강릉교육문화관,강원,강릉시,186719,9,14186,101461,103925
2023,LIBTYPE000002,2060111079,강서영어도서관,서울,강서구,42455,5,4746,122183,57000
2023,LIBTYPE000002,2060123002,강화군립도서관,인천,강화군,79265,4,2886,48076,54079
2023,LIBTYPE000002,2060111059,개울건강도서관,서울,양천구,31236,4,8487,55450,116456
2023,LIBTYPE000002,2060148038,경남대표도서관,경남,창원시,201452,12,6250,108464,285696
2023,LIBTYPE000002,2060147019,경산시립도서관,경북,경산시,109474,8,12082,42913,64999
2023,LIBTYPE000002,2060147004,경주시립도서관,경북,경주시,211387,12,13443,274590,252640
2023,LIBTYPE000002,2060147005,경주중앙도서관,경북,경주시,35966,2.5,1523,10600,25020
2023,LIBTYPE000002,2050142022,고성교육도서관,강원,고성군,45404,3,8100,16639,48044
2023,LIBTYPE000002,2060142021,고성군립도서관,강원,고성군,56792,1,552,8430,18240
2023,LIBTYPE000002,2060148018,고성동부도서관,경남,고성군,39788,0,264,4598,13331
2023,LIBTYPE000002,2060132010,고운남측도서관,세종,세종시,35577,1,6752,103066,21600
2023,LIBTYPE000002,2060145023,고창군립도서관,전북,고창군,73578,4,943,6016,22894
2023,LIBTYPE000002,20601110065,고척열린도서관,서울,구로구,33050,2,8803,102753,9278
2023,LIBTYPE000002,2060148002,고향의봄도서관,경남,창원시,165278,3,10385,110383,95549
2023,LIBTYPE000002,2060146014,고흥군립도서관,전남,고흥군,87641,0,2507,8386,33000
2023,LIBTYPE000002,2060111010,관악중앙도서관,서울,관악구,171699,13,21392,205648,120277
2023,LIBTYPE000002,2030146001,관옥나무도서관,전남,순천시,5800,1,1000,1145,2000
2023,LIBTYPE000002,2060146046,광양금호도서관,전남,광양시,19295,3,3198,62233,75640
2023,LIBTYPE000002,2060146044,광양용강도서관,전남,광양시,46916,2,2565,45738,41500
2023,LIBTYPE000002,2060146011,광양중마도서관,전남,광양시,84141,3,4775,98838,74607
2023,LIBTYPE000002,2060146010,광양중앙도서관,전남,광양시,193973,3,2952,46688,101997
2023,LIBTYPE000002,2050124001,광주중앙도서관,광주,동구,181483,7,6172,103375,85850
2023,LIBTYPE000002,2060111004,광진정보도서관,서울,광진구,306496,18,23746,559869,468034
2023,LIBTYPE000002,2060144024,광천공공도서관,충남,홍성군,114509,3,1810,19679,45000
2023,LIBTYPE000002,2050143011,괴산교육도서관,충북,괴산군,68878,3,1243,24886,32900
2023,LIBTYPE000002,20601110004,구립상림도서관,서울,은평구,38495,3,3137,51215,19146
2023,LIBTYPE000002,2060145017,군산시립도서관,전북,군산시,154412,12,12564,227311,134339
2023,LIBTYPE000002,2060111028,글빛정보도서관,서울,관악구,67406,3,11663,82816,86343
2023,LIBTYPE000002,2050143014,금왕교육도서관,충북,음성군,69577,4,10720,20906,40980
2023,LIBTYPE000002,2060146023,금일공공도서관,전남,완도군,48674,0,5772,5772,21300
2023,LIBTYPE000002,2050124003,금호평생교육관,광주,남구,157384,11,22907,86490,361555
2023,LIBTYPE000002,2060145009,김제시립도서관,전북,김제시,154354,5,2818,60191,72000
2023,LIBTYPE000002,2060147009,김천시립도서관,경북,김천시,231919,9,6833,91737,386241
2023,LIBTYPE000002,2060148039,김해율하도서관,경남,김해시,69959,4,83687,255319,112799
2023,LIBTYPE000002,2060146009,나주시립도서관,전남,나주시,91987,1,3416,12182,48064
2023,LIBTYPE000002,2060123034,남동논현도서관,인천,남동구,53000,6,10838,179768,89205
2023,LIBTYPE000002,2060145022,남원시립도서관,전북,남원시,62127,2,2292,35561,39950
2023,LIBTYPE000002,2060121024,내리새라도서관,부산,기장군,22708,2,2264,52570,40000
2023,LIBTYPE000002,2060111026,노원중앙도서관,서울,노원구,176938,20,23869,58534,236800
2023,LIBTYPE000002,2060146024,노화공공도서관,전남,완도군,58338,0,5556,5884,32000
2023,LIBTYPE000002,2060144005,논산강경도서관,충남,논산시,74854,1,1048,27824,43140
2023,LIBTYPE000002,2060144006,논산연무도서관,충남,논산시,72585,1,1041,25467,41466
2023,LIBTYPE000002,2060144043,논산열린도서관,충남,논산시,84155,5,5255,126894,149200
2023,LIBTYPE000002,2030121002,느티나무도서관,부산,해운대구,19176,1,1745,19176,2000
2023,LIBTYPE000002,2030141006,느티나무도서관,경기,용인시,66517,7,3430,66391,50196
2023,LIBTYPE000002,20601110050,다산성곽도서관,서울,중구,15006,4,3141,23784,57121
2023,LIBTYPE000002,2050143015,단양교육도서관,충북,단양군,45702,3,491,6223,30600
2023,LIBTYPE000002,2060111075,달빛마루도서관,서울,성북구,59387,5,6942,54200,31319
2023,LIBTYPE000002,2060122023,달서영어도서관,대구,달서구,40961,3,2111,72623,57672
2023,LIBTYPE000002,2060122009,달성군립도서관,대구,달성군,94099,8,16441,204004,119098
2023,LIBTYPE000002,2060125014,대전둔산도서관,대전,서구,144898,3,9800,261379,113160
2023,LIBTYPE000002,2060121015,동래읍성도서관,부산,동래구,59832,4,38020,128505,75000
2023,LIBTYPE000002,2030122008,동일공공도서관,대구,동구,17440,0,0,0,0
2023,LIBTYPE000002,2060123033,동춘나래도서관,인천,연수구,36175,1,30275,138754,49000
2023,LIBTYPE000002,2050142011,동해교육도서관,강원,동해시,114526,4,2711,49145,61000
2023,LIBTYPE000002,2060142033,둔내태성도서관,강원,횡성군,29744,0,517,8807,29956
2023,LIBTYPE000002,2030111011,라이브러리피치,서울,종로구,3112,0,0,0,43907
2023,LIBTYPE000002,2060148012,마산합포도서관,경남,창원시,208630,5,13753,180847,95995
2023,LIBTYPE000002,2060148010,마산회원도서관,경남,창원시,197903,5,12490,143831,117089
2023,LIBTYPE000002,20601110016,마포중앙도서관,서울,마포구,236877,12.5,34646,517486,231447
2023,LIBTYPE000002,2030121003,맨발동무도서관,부산,북구,32964,1,1580,9590,12171
2023,LIBTYPE000002,2030111004,명성교회도서관,서울,강동구,131845,1,2601,224646,24872
2023,LIBTYPE000002,2050142008,명주교육도서관,강원,강릉시,101405,3,16049,33855,53925
2023,LIBTYPE000002,2060111052,목마교육도서관,서울,양천구,40276,6,11002,110167,119728
2023,LIBTYPE000002,2060146001,목포시립도서관,전남,목포시,321728,8,2546,51512,67166
2023,LIBTYPE000002,2060146043,목포영어도서관,전남,목포시,24743,1,684,19746,10154
2023,LIBTYPE000002,2050142007,문막교육도서관,강원,원주시,86142,3,19739,21628,43000
2023,LIBTYPE000002,2050143006,미원교육도서관,충북,청주시,64356,1,1408,6642,38000
2023,LIBTYPE000002,2060148006,밀양시립도서관,경남,밀양시,150160,4,60766,121962,93500
2023,LIBTYPE000002,2060141268,백운호수도서관,경기,의왕시,16180,3.5,3939,59677,51000
2023,LIBTYPE000002,2060144009,보령시립도서관,충남,보령시,55160,5,23667,23667,44567
2023,LIBTYPE000002,2060144010,보령주산도서관,충남,보령시,38909,0,849,849,5000
2023,LIBTYPE000002,2050143007,보은교육도서관,충북,보은군,47892,3,7560,21153,32760
2023,LIBTYPE000002,2060143032,보은군립도서관,충북,보은군,20650,0.5,4307,6279,45904
2023,LIBTYPE000002,2060121001,부산강서도서관,부산,강서구,125519,3,5516,83296,134274
2023,LIBTYPE000002,2050121013,부산영어도서관,부산,부산진구,61725,3,19386,95085,87750
2023,LIBTYPE000002,2060145019,부안군립도서관,전북,부안군,75095,3,1286,21923,40280
2023,LIBTYPE000002,2060111083,사당솔밭도서관,서울,동작구,68664,6,13145,132331,59528
2023,LIBTYPE000002,2060142017,사북공공도서관,강원,정선군,45011,2,3010,15494,34854
2023,LIBTYPE000002,2050142005,삼척교육문화관,강원,삼척시,178594,8,47703,100388,131500
2023,LIBTYPE000002,2060142012,삼척도계도서관,강원,삼척시,86827,2,3470,10902,23500
2023,LIBTYPE000002,2060142013,삼척원덕도서관,강원,삼척시,78723,2,980,3134,13500
2023,LIBTYPE000002,2060122024,서구영어도서관,대구,서구,16789,0.5,696,17693,36240
2023,LIBTYPE000002,2060124022,서빛마루도서관,광주,서구,19330,2,2863,17557,338900
2023,LIBTYPE000002,2060144011,서산시립도서관,충남,서산시,311594,11,55745,216738,272416
2023,LIBTYPE000002,2060123029,선학별빛도서관,인천,연수구,58891,1.5,43968,75729,91018
2023,LIBTYPE000002,2060111002,성동구립도서관,서울,성동구,231832,19,16878,323979,204908
2023,LIBTYPE000002,20601110037,성북길빛도서관,서울,성북구,35885,6,9003,124240,44103
2023,LIBTYPE000002,2060111009,성북정보도서관,서울,성북구,159681,16,45898,75698,156892
2023,LIBTYPE000002,2060149010,성산일출도서관,제주,서귀포시,75069,1,5748,20061,30988
2023,LIBTYPE000002,2060132012,세종시립도서관,세종,세종시,166955,13,29162,499443,525567
2023,LIBTYPE000002,2050142009,속초교육도서관,강원,속초시,82626,3,13851,28530,43000
2023,LIBTYPE000002,2050142004,속초교육문화관,강원,속초시,128376,10,35773,75791,94800
2023,LIBTYPE000002,2060142032,속초시립도서관,강원,속초시,70230,3,1061,21568,50000
2023,LIBTYPE000002,20601110014,송파위례도서관,서울,송파구,55605,6,13482,158793,50000
2023,LIBTYPE000002,2060145034,순창군립도서관,전북,순창군,55679,3,6812,19474,44105
2023,LIBTYPE000002,20601110049,신당누리도서관,서울,중구,15374,3,3620,15164,42236
2023,LIBTYPE000002,2060146025,신안군립도서관,전남,신안군,44125,0,614,3344,24929
2023,LIBTYPE000002,2060111027,신월음악도서관,서울,양천구,50422,7,9217,64220,135598
2023,LIBTYPE000002,20601110035,쌍문채움도서관,서울,도봉구,24400,3,5118,46037,43646
2023,LIBTYPE000002,2060149011,안덕산방도서관,제주,서귀포시,70617,4,3049,61218,37000
2023,LIBTYPE000002,2060121020,안락누리도서관,부산,동래구,60143,3,5691,117197,82209
2023,LIBTYPE000002,2050142020,양구교육도서관,강원,양구군,80370,3,1669,39829,73780
2023,LIBTYPE000002,2050142010,양양교육도서관,강원,양양군,70963,3,13049,41651,46250
2023,LIBTYPE000002,20601110029,양원숲속도서관,서울,중랑구,56188,5,32005,161374,105549
2023,LIBTYPE000002,2060141180,양주희망도서관,경기,양주시,65677,3.5,15069,45616,49748
2023,LIBTYPE000002,20601110048,양천중앙도서관,서울,양천구,93967,21,21536,247910,194917
2023,LIBTYPE000002,2060141057,양평용문도서관,경기,양평군,83650,2,3138,59784,60398
2023,LIBTYPE000002,2060143019,엄정꿈터도서관,충북,충주시,27325,0,3873,3873,8100
2023,LIBTYPE000002,2060111095,여의샛강도서관,서울,영등포구,14796,3,5108,47405,28970
2023,LIBTYPE000002,2060123038,연수꿈담도서관,인천,연수구,49497,1.5,59344,104020,88998
2023,LIBTYPE000002,2060123014,연수청학도서관,인천,연수구,97306,4,68869,125491,102998
2023,LIBTYPE000002,2060131006,염포양정도서관,울산,북구,53328,2,1964,38027,27000
2023,LIBTYPE000002,2060146021,영광군립도서관,전남,영광군,93270,3,230,4368,32707
2023,LIBTYPE000002,2050143009,영동교육도서관,충북,영동군,113426,3,6781,16396,21000
2023,LIBTYPE000002,2050142015,영월교육도서관,강원,영월군,107036,3,1573,35876,54570
2023,LIBTYPE000002,2060142014,영월주천도서관,강원,영월군,29205,0,181,4973,9996
2023,LIBTYPE000002,2060147015,영주시립도서관,경북,영주시,96588,4,15285,34270,52724
2023,LIBTYPE000002,2060147016,영천시립도서관,경북,영천시,164840,5,5211,109167,142623
2023,LIBTYPE000002,2060144031,예산군립도서관,충남,예산군,67180,2,501,11298,57433
2023,LIBTYPE000002,2060144020,예산삽교도서관,충남,예산군,71608,1,10054,10554,35294
2023,LIBTYPE000002,2060143025,오창호수도서관,충북,청주시,148461,7,71991,339919,98877
2023,LIBTYPE000002,2060146012,옥과공공도서관,전남,곡성군,47785,1,11277,11277,30000
2023,LIBTYPE000002,2060141236,옥정호수도서관,경기,양주시,91614,4,15213,240554,77650
2023,LIBTYPE000002,2050143008,옥천교육도서관,충북,옥천군,44360,4,15214,15214,21600
2023,LIBTYPE000002,2060143016,옥천군민도서관,충북,옥천군,84541,3,2242,51295,101169
2023,LIBTYPE000002,2060146022,완도군립도서관,전남,완도군,126710,2,22031,23637,16000
2023,LIBTYPE000002,2060141024,용인중앙도서관,경기,용인시,302982,6,22857,295723,185918
2023,LIBTYPE000002,2050131002,울산남부도서관,울산,남구,291824,16,12136,307443,205157
2023,LIBTYPE000002,2050131003,울산동부도서관,울산,동구,261229,12,8496,246241,147713
2023,LIBTYPE000002,2050131001,울산중부도서관,울산,중구,0,4,12387,48336,68051
2023,LIBTYPE000002,2060131013,울주천상도서관,울산,울주군,52498,3,5226,108961,66435
2023,LIBTYPE000002,2060147030,울진남부도서관,경북,울진군,58779,0,467,6538,30000
2023,LIBTYPE000002,2050142002,원주교육문화관,강원,원주시,272690,10,5750,145862,163651
2023,LIBTYPE000002,2060141281,월피예술도서관,경기,안산시,21432,4,4373,39937,96240
2023,LIBTYPE000002,2060111007,은평구립도서관,서울,은평구,233401,19,18660,208094,146766
2023,LIBTYPE000002,2050143013,음성교육도서관,충북,음성군,42001,4,956,12736,40740
2023,LIBTYPE000002,2060143009,음성대소도서관,충북,음성군,47768,3,996,12304,24000
2023,LIBTYPE000002,2060111055,응암정보도서관,서울,은평구,39961,6,24254,61583,50563
2023,LIBTYPE000002,2060147022,의성군립도서관,경북,의성군,60784,4,2391,9306,45000
2023,LIBTYPE000002,2060141206,이동꿈틀도서관,경기,용인시,36951,0.5,2425,16979,28639
2023,LIBTYPE000002,2060124014,이야기꽃도서관,광주,광산구,58226,3,5456,103756,68850
2023,LIBTYPE000002,2060141045,이천시립도서관,경기,이천시,167947,5,7578,120906,105928
2023,LIBTYPE000002,2050142021,인제교육도서관,강원,인제군,69389,3,953,21803,44020
2023,LIBTYPE000002,2060145042,임실군립도서관,전북,임실군,26668,2,6957,22460,74566
2023,LIBTYPE000002,20601110040,자양한강도서관,서울,광진구,58749,9,13746,245550,107216
2023,LIBTYPE000002,2060145012,장수군립도서관,전북,장수군,52573,1,2772,8298,30000
2023,LIBTYPE000002,2060145025,전북도청도서관,전북,전주시,90579,4,9461,26841,44924
2023,LIBTYPE000002,2050142017,정선교육도서관,강원,정선군,76345,3,882,18056,50200
2023,LIBTYPE000002,2060143004,제천시립도서관,충북,제천시,386299,15,35999,151098,317706
2023,LIBTYPE000002,2060143005,제천여성도서관,충북,제천시,69036,2,8025,23576,60000
2023,LIBTYPE000002,20601110034,중랑상봉도서관,서울,중랑구,62602,5,24133,127848,100080
2023,LIBTYPE000002,2050143004,중원교육도서관,충북,충주시,50890,2,314,6967,25210
2023,LIBTYPE000002,2060142031,중천철학도서관,강원,원주시,41658,2,3102,22903,28013
2023,LIBTYPE000002,2050143012,증평교육도서관,충북,증평군,39206,4,845,18844,36500
2023,LIBTYPE000002,2060143022,증평군립도서관,충북,증평군,85679,2,21194,48623,84805
2023,LIBTYPE000002,2060123036,지혜의숲도서관,인천,강화군,18974,2,1562,29597,29252
2023,LIBTYPE000002,2060147027,진보공공도서관,경북,청송군,35871,1,2362,10911,29992
2023,LIBTYPE000002,2060148022,진영한빛도서관,경남,김해시,129923,5,10808,133184,148249
2023,LIBTYPE000002,2050143010,진천교육도서관,충북,진천군,43759,3,3112,8740,30240
2023,LIBTYPE000002,2060143021,진천군립도서관,충북,진천군,104244,5,38450,38450,84000
2023,LIBTYPE000002,2060148001,창원중앙도서관,경남,창원시,324947,12,17517,230416,119098
2023,LIBTYPE000002,2060142019,철원갈말도서관,강원,철원군,61941,2,9823,15327,50000
2023,LIBTYPE000002,2050142018,철원교육도서관,강원,철원군,60178,3,13182,26232,52948
2023,LIBTYPE000002,2060142018,철원김화도서관,강원,철원군,66418,2,5752,22027,115000
2023,LIBTYPE000002,2060111094,청운문학도서관,서울,종로구,42586,4,8426,28801,89590
2023,LIBTYPE000002,2060143028,청주금빛도서관,충북,청주시,73446,1,14200,369654,90296
2023,LIBTYPE000002,2060143034,청주내수도서관,충북,청주시,26000,2,4657,52555,58576
2023,LIBTYPE000002,2060143014,청주상당도서관,충북,청주시,140939,1,10130,168142,84406
2023,LIBTYPE000002,2060143018,청주서원도서관,충북,청주시,125286,3,42982,139364,86074
2023,LIBTYPE000002,2060143001,청주시립도서관,충북,청주시,244946,8,27384,107287,159215
2023,LIBTYPE000002,2030143001,청주열린도서관,충북,청주시,32002,6,0,0,31200
2023,LIBTYPE000002,2060143013,청주오창도서관,충북,청주시,107297,3,18557,95509,52822
2023,LIBTYPE000002,2060143011,청주청원도서관,충북,청주시,151974,2,50104,257862,91172
2023,LIBTYPE000002,2060143012,청주흥덕도서관,충북,청주시,135655,3,39278,191478,85640
2023,LIBTYPE000002,2050142006,춘성교육도서관,강원,춘천시,63682,3,848,20131,48800
2023,LIBTYPE000002,2050142001,춘천교육문화관,강원,춘천시,148800,10,20287,47523,111000
2023,LIBTYPE000002,2060142003,춘천남산도서관,강원,춘천시,37080,1,826,11551,26997
2023,LIBTYPE000002,2060142004,춘천동내도서관,강원,춘천시,66415,1,2946,35123,42000
2023,LIBTYPE000002,2060142006,춘천서면도서관,강원,춘천시,29345,1,1513,15901,37923
2023,LIBTYPE000002,2060142001,춘천시립도서관,강원,춘천시,257403,11,20434,373733,359200
2023,LIBTYPE000002,2060143002,충주시립도서관,충북,충주시,265217,6,10297,176941,185529
2023,LIBTYPE000002,2060147029,칠곡군립도서관,경북,칠곡군,90688,6,3049,68295,103158
2023,LIBTYPE000002,2060145038,콩쥐팥쥐도서관,전북,완주군,46023,1,5625,112739,70039
2023,LIBTYPE000002,2050142012,태백교육도서관,강원,태백시,87339,3,1605,35775,61960
2023,LIBTYPE000002,2060142011,태백시립도서관,강원,태백시,118212,3,7169,24933,80000
2023,LIBTYPE000002,2060144019,태안안면도서관,충남,태안군,42290,0,0,0,14000
2023,LIBTYPE000002,2060142022,토성공공도서관,강원,고성군,41323,1,638,13604,41611
2023,LIBTYPE000002,2060148026,통영시립도서관,경남,통영시,89132,4,4940,74258,40642
2023,LIBTYPE000002,2050142016,평창교육도서관,강원,평창군,84513,3,5528,21026,45000
2023,LIBTYPE000002,2030111003,한국학생도서관,서울,중구,11313,2,51,102,1323
2023,LIBTYPE000002,2030122002,한들마을도서관,대구,동구,25112,0.5,145,5379,11300
2023,LIBTYPE000002,2060123032,함박비류도서관,인천,연수구,34802,1,14963,46867,57981
2023,LIBTYPE000002,2060146030,함평군립도서관,전남,함평군,32187,2,208,6083,10000
2023,LIBTYPE000002,20601110060,항동푸른도서관,서울,구로구,13725,3,3713,49939,34276
2023,LIBTYPE000002,2060146027,해남군립도서관,전남,해남군,100989,3,39881,39881,50000
2023,LIBTYPE000002,2060144035,홍산공공도서관,충남,부여군,30159,1,1360,5453,31710
2023,LIBTYPE000002,2050142013,홍천교육도서관,강원,홍천군,80438,4,15577,29914,53000
2023,LIBTYPE000002,2060142040,홍천내면도서관,강원,홍천군,11313,2,1543,4376,19585
2023,LIBTYPE000002,2060142028,홍천연봉도서관,강원,홍천군,76882,2,2170,22757,41366
2023,LIBTYPE000002,2060146037,화순열린도서관,전남,화순군,70226,3,22029,22029,54000
2023,LIBTYPE000002,2060148020,화정글샘도서관,경남,김해시,108765,7,5820,229779,101988
2023,LIBTYPE000002,2050142019,화천교육도서관,강원,화천군,52382,3,865,17227,45000
2023,LIBTYPE000002,2050142014,횡성교육도서관,강원,횡성군,98876,3,4938,11165,44749
2023,LIBTYPE000002,2060142030,횡성군립도서관,강원,횡성군,78063,1,2308,40523,90000
2023,LIBTYPE000002,20601110056,휘경행복도서관,서울,동대문구,17213,3,2823,51941,51099
2023,LIBTYPE000002,20601110003,구의제3동도서관,서울,광진구,26008,3,33273,80739,24719
2023,LIBTYPE000002,2060122016,서구 비산도서관,대구,서구,28256,1.5,1207,24390,36271
2023,LIBTYPE000002,2060111039,자양제4동도서관,서울,광진구,25775,3,6044,50808,20822
2023,LIBTYPE000002,2060124009,계림꿈나무도서관,광주,동구,27493,2,1840,40606,31842
2023,LIBTYPE000002,2060121023,고촌어울림도서관,부산,기장군,22945,2,990,27049,40000
2023,LIBTYPE000002,2060144002,공주기적의도서관,충남,공주시,128692,4,24943,116089,106909
2023,LIBTYPE000002,2060141131,과천시문원도서관,경기,과천시,71697,3,14045,94096,71400
2023,LIBTYPE000002,2060141191,광명시소하도서관,경기,광명시,145652,7,19077,281168,205913
2023,LIBTYPE000002,2060141244,광명시연서도서관,경기,광명시,48504,1,8941,83411,94668
2023,LIBTYPE000002,2060141145,광명시철산도서관,경기,광명시,151729,7,18985,230064,191113
2023,LIBTYPE000002,2060141213,광명시충현도서관,경기,광명시,59911,2,8495,51309,35235
2023,LIBTYPE000002,2060141035,광명시하안도서관,경기,광명시,247923,11,18831,268160,168941
2023,LIBTYPE000002,2060141075,교문방정환도서관,경기,구리시,163685,4,1520,1520,64900
2023,LIBTYPE000002,2060146013,구례군매천도서관,전남,구례군,44630,3,1004,10882,35000
2023,LIBTYPE000002,20601110031,구로기적의도서관,서울,구로구,31132,6,4968,102339,43961
2023,LIBTYPE000002,2060111012,구로꿈나무도서관,서울,구로구,66281,3,5511,34900,29212
2023,LIBTYPE000002,2060141284,구리시갈매도서관,경기,구리시,43035,5,7433,152470,83900
2023,LIBTYPE000002,2060141074,구리시인창도서관,경기,구리시,253794,6.5,10795,198714,170256
2023,LIBTYPE000002,2050145017,군산교육문화회관,전북,군산시,112588,8,3090,73004,97200
2023,LIBTYPE000002,20601110051,김근태기념도서관,서울,도봉구,17046,5,2532,11659,38620
2023,LIBTYPE000002,2050145018,김제교육문화회관,전북,김제시,101663,5,1069,21861,80400
2023,LIBTYPE000002,2060141216,김포시고촌도서관,경기,김포시,101294,2,6048,274994,123658
2023,LIBTYPE000002,2060141256,김포시마산도서관,경기,김포시,69266,5,14757,348690,123092
2023,LIBTYPE000002,2060141132,김포시양곡도서관,경기,김포시,109370,3,7775,141857,98882
2023,LIBTYPE000002,2060141223,김포시장기도서관,경기,김포시,168096,15,24112,501850,189487
2023,LIBTYPE000002,2060141047,김포시중봉도서관,경기,김포시,366372,2,0,0,0
2023,LIBTYPE000002,2060141104,김포시통진도서관,경기,김포시,170516,3,8386,173573,94093
2023,LIBTYPE000002,2060141232,김포시풍무도서관,경기,김포시,122910,4,18526,425401,141366
2023,LIBTYPE000002,2050145003,남원교육문화회관,전북,남원시,114212,4,6653,15243,66500
2023,LIBTYPE000002,2060121018,대라다목적도서관,부산,기장군,45548,2,2042,35036,40000
2023,LIBTYPE000002,2060122018,대명어울림도서관,대구,남구,14325,1,1109,17392,28152
2023,LIBTYPE000002,2060141080,동두천시립도서관,경기,동두천시,209577,4,17623,111755,84200
2023,LIBTYPE000002,2060141246,목동이음터도서관,경기,화성시,75948,5,15193,305572,109540
2023,LIBTYPE000002,2060146048,목포어울림도서관,전남,목포시,33876,5,24666,79906,108317
2023,LIBTYPE000002,2060146020,무안군공공도서관,전남,무안군,61637,1,178,7668,23000
2023,LIBTYPE000002,2060146016,보성농어촌도서관,전남,보성군,26619,0,1599,1599,15000
2023,LIBTYPE000002,2050145010,부안교육문화회관,전북,부안군,81173,5,1097,23285,60000
2023,LIBTYPE000002,2060146041,빛가람시립도서관,전남,나주시,90442,2,49842,186205,86339
2023,LIBTYPE000002,2060141255,서연이음터도서관,경기,화성시,42640,5,67315,249487,129993
2023,LIBTYPE000002,20601110021,서초그림책도서관,서울,서초구,17165,2,4697,61578,15078
2023,LIBTYPE000002,20601110044,서초청소년도서관,서울,서초구,35999,5,14996,189862,75000
2023,LIBTYPE000002,2020141001,성남시구미도서관,경기,성남시,223812,5,32592,464093,173278
2023,LIBTYPE000002,2060141237,성남시복정도서관,경기,성남시,56699,3.5,13774,123841,92517
2023,LIBTYPE000002,2060141007,성남시분당도서관,경기,성남시,334287,4,35575,463472,207761
2023,LIBTYPE000002,2060141008,성남시수정도서관,경기,성남시,299541,14,22176,204505,151663
2023,LIBTYPE000002,2060141173,성남시운중도서관,경기,성남시,63985,1.5,15550,152680,77444
2023,LIBTYPE000002,2060141006,성남시중앙도서관,경기,성남시,318697,9.5,36006,455876,376800
2023,LIBTYPE000002,2060141009,성남시중원도서관,경기,성남시,315026,16,22606,243371,152892
2023,LIBTYPE000002,2060147023,성주군청사도서관,경북,성주군,13597,1,510,1468,20000
2023,LIBTYPE000002,2060111029,성현동작은도서관,서울,관악구,53252,1,6559,37971,57205
2023,LIBTYPE000002,20601110054,손기정문화도서관,서울,중구,23968,4,5172,41232,92242
2023,LIBTYPE000002,2060111087,송파글마루도서관,서울,송파구,100963,16,19588,240997,109511
2023,LIBTYPE000002,2060141001,수원시선경도서관,경기,수원시,474677,6,24898,132714,87480
2023,LIBTYPE000002,2060141003,수원시영통도서관,경기,수원시,297505,4,24955,260356,85980
2023,LIBTYPE000002,2060141183,수원시일월도서관,경기,수원시,96645,3,21668,208354,81980
2023,LIBTYPE000002,2060141002,수원시중앙도서관,경기,수원시,260470,4,17183,86705,46000
2023,LIBTYPE000002,2060141168,수원시창룡도서관,경기,수원시,92901,2.5,29152,112307,71980
2023,LIBTYPE000002,2060141164,수원시한림도서관,경기,수원시,83146,4,14059,144408,70265
2023,LIBTYPE000002,2060141116,시흥시군자도서관,경기,시흥시,77549,1,1580,43206,39750
2023,LIBTYPE000002,2060141124,시흥시능곡도서관,경기,시흥시,98234,2,6545,131588,60641
2023,LIBTYPE000002,2060141037,시흥시대야도서관,경기,시흥시,80561,2,7125,142467,78273
2023,LIBTYPE000002,2060141141,시흥시매화도서관,경기,시흥시,41761,0,998,27251,16303
2023,LIBTYPE000002,2060141245,시흥시배곧도서관,경기,시흥시,62869,3,11708,277852,117327
2023,LIBTYPE000002,2060141142,시흥시신천도서관,경기,시흥시,47470,0,1725,28774,17464
2023,LIBTYPE000002,2060141181,시흥시장곡도서관,경기,시흥시,44156,4,4910,91205,63264
2023,LIBTYPE000002,2060141036,시흥시중앙도서관,경기,시흥시,285431,8,9057,408121,89407
2023,LIBTYPE000002,20601110061,신대방누리도서관,서울,동작구,22009,5,2249,44000,36000
2023,LIBTYPE000002,20601110058,아차산숲속도서관,서울,광진구,8516,4,4264,42154,25494
2023,LIBTYPE000002,2060141193,안산미디어도서관,경기,안산시,41989,4,3030,44292,161272
2023,LIBTYPE000002,2060141021,안산시관산도서관,경기,안산시,237012,4,8266,71928,79000
2023,LIBTYPE000002,2060141022,안산시성포도서관,경기,안산시,158507,2,8778,95086,74116
2023,LIBTYPE000002,2060141020,안산시중앙도서관,경기,안산시,334503,10.5,22356,385485,176031
2023,LIBTYPE000002,2060141016,안양시만안도서관,경기,안양시,253385,4,13892,137917,102120
2023,LIBTYPE000002,2060141017,안양시박달도서관,경기,안양시,98319,3.5,12267,115031,100000
2023,LIBTYPE000002,2060141158,안양시벌말도서관,경기,안양시,63220,2.5,45130,114928,85000
2023,LIBTYPE000002,2060141015,안양시석수도서관,경기,안양시,447234,15,17098,192234,307695
2023,LIBTYPE000002,2060141018,안양시평촌도서관,경기,안양시,195259,9,12062,120495,110000
2023,LIBTYPE000002,2060141019,안양시호계도서관,경기,안양시,156822,4,16001,189893,111400
2023,LIBTYPE000002,2060141079,양주시덕정도서관,경기,양주시,80769,5.5,7516,24327,41600
2023,LIBTYPE000002,2060141261,여주기적의도서관,경기,여주시,16980,1,1823,21974,37842
2023,LIBTYPE000002,2060141175,오산시초평도서관,경기,오산시,50367,1.5,2883,29485,36269
2023,LIBTYPE000002,2060141249,왕배푸른숲도서관,경기,화성시,53474,5,16268,332284,136780
2023,LIBTYPE000002,2060141027,용인시구성도서관,경기,용인시,156112,5.5,19374,268510,146375
2023,LIBTYPE000002,2060141025,용인시수지도서관,경기,용인시,271231,9,44737,879485,374002
2023,LIBTYPE000002,2060141092,용인시죽전도서관,경기,용인시,199248,3.5,24989,468675,169675
2023,LIBTYPE000002,2060141026,용인시포곡도서관,경기,용인시,183519,3,12950,158120,133596
2023,LIBTYPE000002,2060131008,울주선바위도서관,울산,울주군,162384,7,42861,255629,168923
2023,LIBTYPE000002,20601110011,월곡꿈그림도서관,서울,성북구,19134,3,7673,30080,22803
2023,LIBTYPE000002,2060111060,은천동작은도서관,서울,관악구,48834,3,10283,79438,55797
2023,LIBTYPE000002,2060141052,의왕시내손도서관,경기,의왕시,217260,3,13440,329588,117500
2023,LIBTYPE000002,2060141051,의왕시중앙도서관,경기,의왕시,193878,7,9059,161658,138165
2023,LIBTYPE000002,2060141065,의정부과학도서관,경기,의정부시,175359,7,15552,207572,132200
2023,LIBTYPE000002,2060141238,의정부미술도서관,경기,의정부시,53992,6,13162,148761,76258
2023,LIBTYPE000002,2060141276,의정부영어도서관,경기,의정부시,57088,2.5,8413,148575,71920
2023,LIBTYPE000002,2060141263,의정부음악도서관,경기,의정부시,12038,3.5,5868,56050,62372
2023,LIBTYPE000002,2060141066,의정부정보도서관,경기,의정부시,180904,16,14059,137474,74895
2023,LIBTYPE000002,2060123037,이룸청소년도서관,인천,동구,5857,1,859,2236,19945
2023,LIBTYPE000002,2060141046,이천시청미도서관,경기,이천시,113089,2,2972,39185,49714
2023,LIBTYPE000002,2050145001,익산교육문화회관,전북,익산시,127550,5,1765,36132,70000
2023,LIBTYPE000002,2060142041,인제기적의도서관,강원,인제군,22918,3,1592,18446,138086
2023,LIBTYPE000002,2060145016,임피채만식도서관,전북,군산시,34014,0,758,1566,9836
2023,LIBTYPE000002,2060146035,전라남도립도서관,전남,무안군,332442,7.5,86319,349991,559797
2023,LIBTYPE000002,2050145016,전주교육문화회관,전북,전주시,227906,9,36007,85807,113412
2023,LIBTYPE000002,2050145015,정읍학생복지회관,전북,정읍시,84214,4,2115,15385,49500
2023,LIBTYPE000002,2060149001,제주시우당도서관,제주,제주시,249825,5.5,43144,148150,196790
2023,LIBTYPE000002,2060143033,청주가로수도서관,충북,청주시,57097,2,14420,298067,143474
2023,LIBTYPE000002,2060141070,파주시중앙도서관,경기,파주시,212257,19,13365,172961,211604
2023,LIBTYPE000002,2060141242,하남시미사도서관,경기,하남시,140841,8,26310,584223,150900
2023,LIBTYPE000002,2060141227,하남시세미도서관,경기,하남시,32188,1,4635,61380,32201
2023,LIBTYPE000002,2060141050,하남시신장도서관,경기,하남시,167111,4,37806,109031,200450
2023,LIBTYPE000002,2060141257,하남시위례도서관,경기,하남시,51171,2,16349,361576,122400
2023,LIBTYPE000002,2060141272,하남시일가도서관,경기,하남시,28215,2.5,4213,65914,50032
2023,LIBTYPE000002,2060146032,해룡농어촌도서관,전남,순천시,30822,0,3025,7771,9500
2023,LIBTYPE000002,20601110023,해맞이역사도서관,서울,양천구,31912,4,9218,54961,120181
2023,LIBTYPE000002,2060141129,행복어린이도서관,경기,파주시,29270,0.5,2012,19815,15200
2023,LIBTYPE000002,2060141042,화성시남양도서관,경기,화성시,117620,4,11889,171626,110600
2023,LIBTYPE000002,2060141044,화성시병점도서관,경기,화성시,138487,2,12365,148905,107528
2023,LIBTYPE000002,2060141043,화성시삼괴도서관,경기,화성시,91360,4,5754,45690,50000
2023,LIBTYPE000002,2060141041,화성시태안도서관,경기,화성시,119320,5,10672,100657,69969
2023,LIBTYPE000002,2060124020,효천어울림도서관,광주,남구,21787,3,2989,44833,300000
2023,LIBTYPE000002,2060141100,가평군 설악도서관,경기,가평군,71465,2,2915,2915,43296
2023,LIBTYPE000002,2060141083,가평군 조종도서관,경기,가평군,76718,2,4053,23270,43296
2023,LIBTYPE000002,2060141143,가평군 청평도서관,경기,가평군,81212,2,1607,28199,43296
2023,LIBTYPE000002,2060144003,공주시 웅진도서관,충남,공주시,143914,5,2275,59548,84836
2023,LIBTYPE000002,2060141034,광명시 광명도서관,경기,광명시,247942,8,13131,135530,164541
2023,LIBTYPE000002,2060141039,군포시 당동도서관,경기,군포시,111635,2.5,4680,67398,78635
2023,LIBTYPE000002,2060141040,군포시 대야도서관,경기,군포시,109918,3,4097,65806,86366
2023,LIBTYPE000002,2060141146,군포시 부곡도서관,경기,군포시,99934,3,5103,113634,87206
2023,LIBTYPE000002,2060141038,군포시 산본도서관,경기,군포시,197048,10,13221,140617,215732
2023,LIBTYPE000002,2060141088,군포시 중앙도서관,경기,군포시,392195,12.5,19771,446530,469444
2023,LIBTYPE000002,2060141127,금촌3동솔빛도서관,경기,파주시,55564,3,4361,38911,32713
2023,LIBTYPE000002,2060124015,남구 청소년도서관,광주,남구,54790,2,5847,102526,67092
2023,LIBTYPE000002,2030141009,라이브러리 티티섬,경기,성남시,15450,2,657,1337,14236
2023,LIBTYPE000002,20601110032,배봉산 숲속도서관,서울,동대문구,16833,3,5717,51406,42595
2023,LIBTYPE000002,2060144012,서산시 대산도서관,충남,서산시,107764,5,1928,44435,50208
2023,LIBTYPE000002,2060141230,성남시 서현도서관,경기,성남시,94952,4,32475,501031,165985
2023,LIBTYPE000002,2060141243,성남시 위례도서관,경기,성남시,38916,4,14781,235120,96621
2023,LIBTYPE000002,2060141233,시흥시 목감도서관,경기,시흥시,62140,3,5959,289223,82016
2023,LIBTYPE000002,2060144016,아산시 둔포도서관,충남,아산시,105028,1,3445,52621,51999
2023,LIBTYPE000002,2060144017,아산시 배방도서관,충남,아산시,116126,2,6448,97484,57900
2023,LIBTYPE000002,2060144039,아산시 중앙도서관,충남,아산시,170833,21,14838,279131,187615
2023,LIBTYPE000002,2060141023,안산시 감골도서관,경기,안산시,165544,6.5,11973,141874,110320
2023,LIBTYPE000002,2060141122,안산시 부곡도서관,경기,안산시,28609,1,3113,20627,18940
2023,LIBTYPE000002,2060141189,안산시 일동도서관,경기,안산시,30510,1,5656,13311,15500
2023,LIBTYPE000002,2060141114,안성시 공도도서관,경기,안성시,170192,3,5888,176395,113517
2023,LIBTYPE000002,2060141049,안성시 보개도서관,경기,안성시,89737,1.5,2825,84426,87639
2023,LIBTYPE000002,2060141251,안성시 아양도서관,경기,안성시,68843,2,4158,110761,142092
2023,LIBTYPE000002,2060141185,안성시 일죽도서관,경기,안성시,39954,2,570,13722,52306
2023,LIBTYPE000002,2060141091,안성시 중앙도서관,경기,안성시,440282,12,6269,178569,166814
2023,LIBTYPE000002,2060141159,안성시 진사도서관,경기,안성시,101439,3,3825,112220,97310
2023,LIBTYPE000002,2060141130,양주시 고읍도서관,경기,양주시,67369,2,6008,70848,24189
2023,LIBTYPE000002,2060141099,양주시 남면도서관,경기,양주시,63705,1,6563,18561,28107
2023,LIBTYPE000002,2060141160,양주시 덕계도서관,경기,양주시,85191,3,4887,84052,26960
2023,LIBTYPE000002,2060141084,연천군 중앙도서관,경기,연천군,105614,2.5,2141,36283,60000
2023,LIBTYPE000002,2060146047,영암군 학산도서관,전남,영암군,2990,2,600,7931,38000
2023,LIBTYPE000002,2060141097,오산시 중앙도서관,경기,오산시,242147,6.5,11098,185163,112424
2023,LIBTYPE000002,2060141053,오산시 청학도서관,경기,오산시,64240,1,2721,17902,22104
2023,LIBTYPE000002,20601110015,용산 꿈나무도서관,서울,용산구,55068,7,8050,150861,96494
2023,LIBTYPE000002,2060141118,용인시 기흥도서관,경기,용인시,192052,4.5,27700,443079,146075
2023,LIBTYPE000002,2060141098,용인시 동백도서관,경기,용인시,173431,4,23580,444332,172956
2023,LIBTYPE000002,2060141138,용인시 모현도서관,경기,용인시,128394,4.5,12356,99742,132385
2023,LIBTYPE000002,2060141190,용인시 청덕도서관,경기,용인시,115373,3,19074,296296,141998
2023,LIBTYPE000002,2060141161,용인시 흥덕도서관,경기,용인시,140518,3,18710,343373,146054
2023,LIBTYPE000002,2060131001,울산농소3동도서관,울산,북구,53121,3,4499,74719,30315
2023,LIBTYPE000002,2060145043,익산시 유천도서관,전북,익산시,26278,4,5486,72678,91122
2023,LIBTYPE000002,2060148031,창녕군 영산도서관,경남,창녕군,64252,2,1217,12651,64500
2023,LIBTYPE000002,2060141101,하남시 나룰도서관,경기,하남시,233504,4.5,19196,313988,128842
2023,LIBTYPE000002,2060141198,하남시 덕풍도서관,경기,하남시,26235,1,1796,22569,27200
2023,LIBTYPE000002,2060141195,화성시 진안도서관,경기,화성시,87810,4,9676,120010,84158
2023,LIBTYPE000002,20601110019,강남구립못골도서관,서울,강남구,74255,9,21632,218796,134544
2023,LIBTYPE000002,20601110039,강남구립열린도서관,서울,강남구,38671,6,15179,159975,54460
2023,LIBTYPE000002,2060111063,강동구립강일도서관,서울,강동구,96647,7,12739,206305,90090
2023,LIBTYPE000002,20601110045,강동구립둔촌도서관,서울,강동구,37094,6.5,10109,129402,86310
2023,LIBTYPE000002,2060111031,강동구립성내도서관,서울,강동구,83819,6,12530,155366,84478
2023,LIBTYPE000002,2060111066,강동구립암사도서관,서울,강동구,98935,8,12948,186985,81856
2023,LIBTYPE000002,20601110012,강동구립천호도서관,서울,강동구,54680,5,10317,127584,84258
2023,LIBTYPE000002,2060111046,강동구립해공도서관,서울,강동구,92058,7,13541,152274,81492
2023,LIBTYPE000002,2060142008,강릉시립중앙도서관,강원,강릉시,89517,3,28494,75754,108941
2023,LIBTYPE000002,2060111005,강북문화정보도서관,서울,강북구,219704,7,14090,247809,195000
2023,LIBTYPE000002,2060111000,강서구립가양도서관,서울,강서구,62291,7,41195,140191,108703
2023,LIBTYPE000002,2060148035,거제시립수양도서관,경남,거제시,51403,2.5,6359,122507,38899
2023,LIBTYPE000002,2060148042,거제시립아주도서관,경남,거제시,32889,2,41547,124642,46138
2023,LIBTYPE000002,2060148025,거제시립옥포도서관,경남,거제시,56926,2,36448,85548,39141
2023,LIBTYPE000002,2060148029,거제시립장평도서관,경남,거제시,71513,3,23155,78020,49172
2023,LIBTYPE000002,2060148037,거제시립하청도서관,경남,거제시,41223,2,13989,60113,46138
2023,LIBTYPE000002,2050141008,경기과천교육도서관,경기,과천시,161868,21,34659,171394,303300
2023,LIBTYPE000002,2050141005,경기광주교육도서관,경기,광주시,103655,7,923,27798,156825
2023,LIBTYPE000002,2050141003,경기김포교육도서관,경기,김포시,68831,7,1034,22860,97260
2023,LIBTYPE000002,2050141007,경기성남교육도서관,경기,성남시,226667,18,43317,144684,199654
2023,LIBTYPE000002,2050141001,경기중앙교육도서관,경기,수원시,179082,18,3263,121480,931961
2023,LIBTYPE000002,2050141011,경기평생교육학습관,경기,수원시,654052,19,7210,177496,266080
2023,LIBTYPE000002,2050141002,경기평택교육도서관,경기,평택시,107314,9,1751,44487,87199
2023,LIBTYPE000002,2050141004,경기포천교육도서관,경기,포천시,69955,7,441,6284,55394
2023,LIBTYPE000002,2050141009,경기화성교육도서관,경기,화성시,98267,8,3702,80860,155914
2023,LIBTYPE000002,2060147036,경산시립장산도서관,경북,경산시,116897,4,22881,77599,35000
2023,LIBTYPE000002,2060141196,고양시립가좌도서관,경기,고양시,82764,2,19543,129398,95781
2023,LIBTYPE000002,2060141275,고양시립높빛도서관,경기,고양시,54534,3,12179,90234,121006
2023,LIBTYPE000002,2060141086,고양시립대화도서관,경기,고양시,147822,3,29486,261534,167037
2023,LIBTYPE000002,2060141135,고양시립덕이도서관,경기,고양시,88977,2,18519,154055,95665
2023,LIBTYPE000002,2060141060,고양시립마두도서관,경기,고양시,161509,3,26956,212125,134640
2023,LIBTYPE000002,2060141061,고양시립백석도서관,경기,고양시,137514,4,25042,197194,112768
2023,LIBTYPE000002,2060141176,고양시립삼송도서관,경기,고양시,86612,2.5,82607,254881,138194
2023,LIBTYPE000002,2060141136,고양시립식사도서관,경기,고양시,94045,2,18790,89542,89840
2023,LIBTYPE000002,2060141064,고양시립원당도서관,경기,고양시,70998,2,9661,51501,33451
2023,LIBTYPE000002,2060141250,고양시립일산도서관,경기,고양시,46804,3,18530,160809,106840
2023,LIBTYPE000002,2060141094,고양시립풍동도서관,경기,고양시,87313,3,19913,145152,109408
2023,LIBTYPE000002,2060141087,고양시립한뫼도서관,경기,고양시,135202,3,21436,188057,118659
2023,LIBTYPE000002,2060141063,고양시립행신도서관,경기,고양시,142862,4,22873,158069,115711
2023,LIBTYPE000002,2060141062,고양시립화정도서관,경기,고양시,156555,16,29986,227928,190072
2023,LIBTYPE000002,2060145026,고창군립성호도서관,전북,고창군,39467,1,1062,18773,17600
2023,LIBTYPE000002,2060146015,고흥군립북부도서관,전남,고흥군,53248,0,768,2852,35000
2023,LIBTYPE000002,2060146034,고흥군립중앙도서관,전남,고흥군,55933,6,3233,10898,35000
2023,LIBTYPE000002,2060124011,광주북구운암도서관,광주,북구,105301,2,7335,143575,85905
2023,LIBTYPE000002,2060124005,광주북구일곡도서관,광주,북구,153560,5,7104,119600,104673
2023,LIBTYPE000002,2060124004,광주서구공공도서관,광주,서구,62207,3,4183,92614,62447
2023,LIBTYPE000002,2060141048,광주시립중앙도서관,경기,광주시,308904,10,17885,275020,342070
2023,LIBTYPE000002,2060141111,구리시립토평도서관,경기,구리시,196232,5.5,11043,238373,110840
2023,LIBTYPE000002,2060111040,구립증산정보도서관,서울,은평구,70308,8,13566,188899,88508
2023,LIBTYPE000002,2060147014,구미시립봉곡도서관,경북,구미시,129918,4,23589,161377,84706
2023,LIBTYPE000002,2060147013,구미시립선산도서관,경북,구미시,85213,3,36757,36758,38554
2023,LIBTYPE000002,2060147039,구미시립양포도서관,경북,구미시,48776,4,10504,260986,81720
2023,LIBTYPE000002,2060147012,구미시립인동도서관,경북,구미시,143011,2,4286,63282,72922
2023,LIBTYPE000002,2060147011,구미시립중앙도서관,경북,구미시,232879,12,40325,138227,269783
2023,LIBTYPE000002,2060145044,군산시립금강도서관,전북,군산시,45951,3,8710,168314,133832
2023,LIBTYPE000002,2060144004,금산인삼고을도서관,충남,금산군,76009,2,5550,14394,33480
2023,LIBTYPE000002,2060111030,금천구립가산도서관,서울,금천구,66999,4,20382,55663,114134
2023,LIBTYPE000002,2060111003,금천구립독산도서관,서울,금천구,117580,7,7363,86623,116048
2023,LIBTYPE000002,2060111084,금천구립시흥도서관,서울,금천구,89207,6,7006,122853,106675
2023,LIBTYPE000002,2060141154,남양주시진접도서관,경기,남양주시,105085,3,10106,127076,70415
2023,LIBTYPE000002,2060122017,달서가족문화도서관,대구,달서구,78332,4,14463,413181,85522
2023,LIBTYPE000002,2060122001,달서구립도원도서관,대구,달서구,105267,3,10012,149723,62841
2023,LIBTYPE000002,2060122006,달서구립본리도서관,대구,달서구,97696,4,9308,195386,72893
2023,LIBTYPE000002,2060122002,달서구립성서도서관,대구,달서구,100942,3,9985,149075,74410
2023,LIBTYPE000002,2060144007,당진시립송악도서관,충남,당진시,62295,1,19269,46971,40000
2023,LIBTYPE000002,2060144025,당진시립중앙도서관,충남,당진시,159236,8,56788,112829,197000
2023,LIBTYPE000002,2060144008,당진시립합덕도서관,충남,당진시,39538,1,1308,11035,21000
2023,LIBTYPE000002,2060122015,대구북구태전도서관,대구,북구,60377,3,6250,121533,72634
2023,LIBTYPE000002,2060125004,대전동구가오도서관,대전,동구,123828,5,6185,198344,95847
2023,LIBTYPE000002,2060125002,대전동구용운도서관,대전,동구,122290,3,4609,131936,96365
2023,LIBTYPE000002,2060125005,대전동구판암도서관,대전,동구,36649,1,1468,27914,20939
2023,LIBTYPE000002,2050125001,대전학생교육문화원,대전,중구,130895,12,7762,252095,135900
2023,LIBTYPE000002,2060111085,도곡정보문화도서관,서울,강남구,120086,11,27190,297754,323995
2023,LIBTYPE000002,2060111008,도봉문화정보도서관,서울,도봉구,155887,9,10664,170530,175425
2023,LIBTYPE000002,20601110042,동대문책마당도서관,서울,동대문구,14393,2,4069,38569,29252
2023,LIBTYPE000002,2060142044,동해꿈빛마루도서관,강원,동해시,25579,2,2309,24064,51187
2023,LIBTYPE000002,2060142009,동해시립발한도서관,강원,동해시,119529,3,8859,63422,77427
2023,LIBTYPE000002,2060142010,동해시립북삼도서관,강원,동해시,120534,3,15774,109359,67427
2023,LIBTYPE000002,2060143023,레인보우영동도서관,충북,영동군,68274,2,8918,28115,44975
2023,LIBTYPE000002,2060111041,마포구립서강도서관,서울,마포구,72316,7,73716,171234,96286
2023,LIBTYPE000002,20601110053,마포소금나루도서관,서울,마포구,42254,4,65912,174414,60070
2023,LIBTYPE000002,2060147028,문경시립모전도서관,경북,문경시,91310,3,2955,67289,51065
2023,LIBTYPE000002,2060147018,문경시립문희도서관,경북,문경시,74415,2,388,8039,20000
2023,LIBTYPE000002,2060147017,문경시립중앙도서관,경북,문경시,120721,3,1694,39924,48582
2023,LIBTYPE000002,2060111086,미아문화정보도서관,서울,강북구,42675,2,4744,27224,24000
2023,LIBTYPE000002,2060148032,밀양시립영어도서관,경남,밀양시,43065,1,6241,14027,41035
2023,LIBTYPE000002,20601110025,방아다리문학도서관,서울,양천구,31988,3,8622,59639,116912
2023,LIBTYPE000002,2060121029,부산시청열린도서관,부산,연제구,32640,2,2618,22913,40000
2023,LIBTYPE000002,2060141013,부천시립꿈빛도서관,경기,부천시,199280,3,14819,91091,70903
2023,LIBTYPE000002,2060141212,부천시립도당도서관,경기,부천시,35183,1,6441,21083,47825
2023,LIBTYPE000002,2060141210,부천시립동화도서관,경기,부천시,62586,1,8898,106943,59384
2023,LIBTYPE000002,2060141012,부천시립북부도서관,경기,부천시,134681,2,14082,59652,69893
2023,LIBTYPE000002,2060141125,부천시립상동도서관,경기,부천시,176796,12,25610,212421,289346
2023,LIBTYPE000002,2060141188,부천시립송내도서관,경기,부천시,115241,2.5,52085,140394,101895
2023,LIBTYPE000002,2060141266,부천시립수주도서관,경기,부천시,65750,11.5,15242,128271,215581
2023,LIBTYPE000002,2060141011,부천시립심곡도서관,경기,부천시,159551,2,12366,43631,66591
2023,LIBTYPE000002,2060141234,부천시립역곡도서관,경기,부천시,53968,1,10300,83548,41296
2023,LIBTYPE000002,2060141211,부천시립오정도서관,경기,부천시,101337,2,16199,159717,133829
2023,LIBTYPE000002,2060141010,부천시립원미도서관,경기,부천시,233060,3,20785,132973,109077
2023,LIBTYPE000002,2060149005,서귀포시동부도서관,제주,서귀포시,71204,3,3130,32500,49999
2023,LIBTYPE000002,2060149006,서귀포시서부도서관,제주,서귀포시,68697,2,21479,65530,54000
2023,LIBTYPE000002,2060149003,서귀포시중앙도서관,제주,서귀포시,99138,4,7779,124155,81955
2023,LIBTYPE000002,2060144013,서천장항공공도서관,충남,서천군,75059,4,821,13883,26977
2023,LIBTYPE000002,20601110020,서초구립내곡도서관,서울,서초구,81129,7,18482,182789,121420
2023,LIBTYPE000002,2060111081,서초구립반포도서관,서울,서초구,158580,15,31551,410742,306698
2023,LIBTYPE000002,20601110033,서초구립양재도서관,서울,서초구,74918,8,23162,227026,183896
2023,LIBTYPE000002,20601110007,석관동미리내도서관,서울,성북구,36968,3,4842,41335,24394
2023,LIBTYPE000002,2060141172,성남시무지개도서관,경기,성남시,47479,1,12324,129930,61745
2023,LIBTYPE000002,2060111024,성동구립금호도서관,서울,성동구,91614,6,7901,155384,62700
2023,LIBTYPE000002,2060111080,성동구립성수도서관,서울,성동구,54124,7,7491,115037,46950
2023,LIBTYPE000002,2060111032,성동구립용답도서관,서울,성동구,77801,5,5241,59865,33996
2023,LIBTYPE000002,2060111088,성동구립청계도서관,서울,성동구,55523,8,19370,123426,40300
2023,LIBTYPE000002,2060111016,솔샘문화정보도서관,서울,강북구,50823,3,5726,44513,25000
2023,LIBTYPE000002,2060111068,송중문화정보도서관,서울,강북구,26672,1,3041,15590,12000
2023,LIBTYPE000002,2060122011,수성구립고산도서관,대구,수성구,162316,10,20944,465136,180943
2023,LIBTYPE000002,2060122008,수성구립범어도서관,대구,수성구,275669,14,30780,714250,369740
2023,LIBTYPE000002,2060141156,수원시대추골도서관,경기,수원시,112757,3,17714,140026,71980
2023,LIBTYPE000002,2060141224,수원시매여울도서관,경기,수원시,58077,4,18689,201340,81980
2023,LIBTYPE000002,2060141167,수원시버드내도서관,경기,수원시,90688,3,15526,94004,76980
2023,LIBTYPE000002,2060141005,수원시북수원도서관,경기,수원시,222529,6,27047,260796,87480
2023,LIBTYPE000002,2060141004,수원시서수원도서관,경기,수원시,219906,5,20784,110143,66980
2023,LIBTYPE000002,2060141169,수원시호매실도서관,경기,수원시,126595,6,21803,256772,87480
2023,LIBTYPE000002,2060111069,수유문화정보도서관,서울,강북구,38810,1,15343,32933,25500
2023,LIBTYPE000002,2060146036,순천시립삼산도서관,전남,순천시,168682,9,6804,101712,76779
2023,LIBTYPE000002,2060146042,순천시립신대도서관,전남,순천시,67706,5,7062,117710,133781
2023,LIBTYPE000002,2060147010,안동시립웅부도서관,경북,안동시,81010,1,1712,15147,37323
2023,LIBTYPE000002,2060147041,안동시립중앙도서관,경북,안동시,49538,5,5341,162115,115662
2023,LIBTYPE000002,2060141192,안양시립관양도서관,경기,안양시,94784,4.5,17675,214207,110830
2023,LIBTYPE000002,2060141117,안양시립비산도서관,경기,안양시,101076,4.5,19499,240679,112000
2023,LIBTYPE000002,2060141202,안양시립삼덕도서관,경기,안양시,77617,3,13749,119955,100000
2023,LIBTYPE000002,2060141152,양평군립양동도서관,경기,양평군,43935,1,2734,7741,38598
2023,LIBTYPE000002,2060141056,양평군립중앙도서관,경기,양평군,109122,7,5129,70530,107466
2023,LIBTYPE000002,2060141153,양평군립지평도서관,경기,양평군,37141,1,1111,11462,40798
2023,LIBTYPE000002,2060146003,여수시립돌산도서관,전남,여수시,72167,2,1293,7629,74001
2023,LIBTYPE000002,2060146005,여수시립소라도서관,전남,여수시,71048,1,1644,33596,49899
2023,LIBTYPE000002,2060146004,여수시립쌍봉도서관,전남,여수시,158555,3,7735,146483,128060
2023,LIBTYPE000002,2060146006,여수시립율촌도서관,전남,여수시,55420,1,833,5502,48382
2023,LIBTYPE000002,2060146002,여수시립현암도서관,전남,여수시,167238,2,2916,66652,79073
2023,LIBTYPE000002,2060146029,여수시립환경도서관,전남,여수시,105830,2,4127,63718,79106
2023,LIBTYPE000002,2060146045,여수시이순신도서관,전남,여수시,94337,11,12922,230954,179365
2023,LIBTYPE000002,2060145014,완주군립고산도서관,전북,완주군,73470,1,419,9213,20000
2023,LIBTYPE000002,2060145013,완주군립삼례도서관,전북,완주군,84550,1,828,18068,19727
2023,LIBTYPE000002,2060145030,완주군립중앙도서관,전북,완주군,66032,4,936,34789,30000
2023,LIBTYPE000002,2060131005,울산남구도산도서관,울산,남구,59896,1,4465,113626,59295
2023,LIBTYPE000002,2060131007,울산남구신복도서관,울산,남구,58095,1,4697,95585,60000
2023,LIBTYPE000002,2060131004,울산북구중앙도서관,울산,북구,112999,2,37607,131256,48043
2023,LIBTYPE000002,2060131003,울주옹기종기도서관,울산,울주군,113023,3,3816,75362,71155
2023,LIBTYPE000002,20601110057,원당마을한옥도서관,서울,도봉구,10747,3,11364,16967,61387
2023,LIBTYPE000002,2060142007,원주시립중앙도서관,강원,원주시,367092,10,92118,350055,218773
2023,LIBTYPE000002,2060122021,이천 어울림 도서관,대구,남구,28718,1,2956,61337,44447
2023,LIBTYPE000002,2060141222,이천시립마장도서관,경기,이천시,46940,3,4450,102037,57464
2023,LIBTYPE000002,2060141165,이천시립효양도서관,경기,이천시,135136,3,6923,185464,113481
2023,LIBTYPE000002,2060145041,익산시립금마도서관,전북,익산시,18172,2,2284,7491,17795
2023,LIBTYPE000002,2060145027,익산시립모현도서관,전북,익산시,189750,10,46944,182529,184284
2023,LIBTYPE000002,2060145029,익산시립부송도서관,전북,익산시,105822,3,5751,70566,91122
2023,LIBTYPE000002,2060145037,익산시립황등도서관,전북,익산시,26690,1,4334,15218,35591
2023,LIBTYPE000002,20601110055,일원라온영어도서관,서울,강남구,25464,6,7981,169685,51108
2023,LIBTYPE000002,2060145018,임실군립오수도서관,전북,임실군,44254,1,171,3543,0
2023,LIBTYPE000002,2060146039,장성군립북이도서관,전남,장성군,26628,1,224,6631,15000
2023,LIBTYPE000002,2060146040,장성군립삼계도서관,전남,장성군,44950,1,734,19909,32808
2023,LIBTYPE000002,2060146028,장성군립중앙도서관,전남,장성군,144938,4,1620,70948,102499
2023,LIBTYPE000002,20601110038,장위행복누림도서관,서울,성북구,16192,4,3471,44124,25435
2023,LIBTYPE000002,2060145035,전주시립건지도서관,전북,전주시,64437,3,7693,120445,62595
2023,LIBTYPE000002,2060145002,전주시립금암도서관,전북,전주시,113940,2,19293,42457,82040
2023,LIBTYPE000002,2060145004,전주시립삼천도서관,전북,전주시,79799,3,10186,149349,98475
2023,LIBTYPE000002,2060145024,전주시립서신도서관,전북,전주시,73837,2,8140,18332,63905
2023,LIBTYPE000002,2060145005,전주시립송천도서관,전북,전주시,101190,1,12827,255171,114715
2023,LIBTYPE000002,2060145001,전주시립완산도서관,전북,전주시,177334,3,1358,6631,15049
2023,LIBTYPE000002,2060145003,전주시립인후도서관,전북,전주시,68651,3,5969,67808,58564
2023,LIBTYPE000002,2060145028,전주시립평화도서관,전북,전주시,88975,3,8768,120226,67686
2023,LIBTYPE000002,2060145036,전주시립효자도서관,전북,전주시,70881,2,10619,78862,103160
2023,LIBTYPE000002,2060145006,정읍시립중앙도서관,전북,정읍시,188236,6,7378,115564,150000
2023,LIBTYPE000002,2060143010,제천시립의병도서관,충북,제천시,9937,1,108,164,2000
2023,LIBTYPE000002,2060111001,중랑구립정보도서관,서울,중랑구,152959,10,15475,283114,235280
2023,LIBTYPE000002,2060148005,진주시립서부도서관,경남,진주시,187742,8.5,10791,180800,132750
2023,LIBTYPE000002,2060148004,진주시립연암도서관,경남,진주시,210905,9,14043,232322,137203
2023,LIBTYPE000002,2060143020,청주시립오송도서관,충북,청주시,134762,6,5329,159906,90597
2023,LIBTYPE000002,2060142005,춘천신사우동도서관,강원,춘천시,81170,2,5213,74091,55304
2023,LIBTYPE000002,2060143003,충주시립호암도서관,충북,충주시,52166,0,783,3671,7200
2023,LIBTYPE000002,2050143001,충청북도교육도서관,충북,청주시,325351,17,6940,163352,420801
2023,LIBTYPE000002,2050143002,충청북도교육문화원,충북,청주시,30606,1,2124,12553,41990
2023,LIBTYPE000002,2060142035,태백산소드림도서관,강원,태백시,43794,3,1556,36255,50000
2023,LIBTYPE000002,2060144032,태안군립중앙도서관,충남,태안군,96340,6,2773,66216,74790
2023,LIBTYPE000002,2060148014,통영시립욕지도서관,경남,통영시,46362,0,94,1580,4513
2023,LIBTYPE000002,2060148030,통영시립충무도서관,경남,통영시,69645,3,34363,112287,40626
2023,LIBTYPE000002,2060142016,평창군립대화도서관,강원,평창군,51692,3,5125,11014,20000
2023,LIBTYPE000002,2060142029,평창군립봉평도서관,강원,평창군,28148,1,656,11477,23809
2023,LIBTYPE000002,2060142015,평창군립진부도서관,강원,평창군,57912,2,1705,1705,8257
2023,LIBTYPE000002,2060141214,평택시립세교도서관,경기,평택시,53912,2,7531,145824,90790
2023,LIBTYPE000002,2060141032,평택시립안중도서관,경기,평택시,172314,10,8071,166900,99985
2023,LIBTYPE000002,2060141178,평택시립오성도서관,경기,평택시,46010,0.5,2125,16475,22169
2023,LIBTYPE000002,2060141155,평택시립장당도서관,경기,평택시,125295,5,8930,194599,93914
2023,LIBTYPE000002,2060141186,평택시립청북도서관,경기,평택시,42502,1,4128,69498,36364
2023,LIBTYPE000002,2060141031,평택시립팽성도서관,경기,평택시,80901,4,4175,61950,91414
2023,LIBTYPE000002,2060141166,포천시립가산도서관,경기,포천시,45247,0.5,2636,11388,21700
2023,LIBTYPE000002,2060141248,포천시립선단도서관,경기,포천시,25908,2,1583,27289,33088
2023,LIBTYPE000002,2060141106,포천시립소흘도서관,경기,포천시,56520,2,1637,24999,40284
2023,LIBTYPE000002,2060141151,포천시립영북도서관,경기,포천시,44877,0.5,1165,18022,32100
2023,LIBTYPE000002,2060141076,포천시립일동도서관,경기,포천시,80076,2,1691,28752,50900
2023,LIBTYPE000002,2060141134,포천시립중앙도서관,경기,포천시,110474,6,3283,54450,47667
2023,LIBTYPE000002,2060147025,포항시립대잠도서관,경북,포항시,142056,2,49347,168264,37937
2023,LIBTYPE000002,2060147040,포항시립연일도서관,경북,포항시,27600,2,7375,53286,26335
2023,LIBTYPE000002,2060147002,포항시립영암도서관,경북,포항시,85477,2,4383,52947,38966
2023,LIBTYPE000002,2060147003,포항시립오천도서관,경북,포항시,59598,4,24298,50850,161000
2023,LIBTYPE000002,2030122003,푸른초장공공도서관,대구,달서구,41252,1,949,5091,10000
2023,LIBTYPE000002,2060141269,하남시디지털도서관,경기,하남시,0,1.5,0,0,88383
2023,LIBTYPE000002,2060148036,함안군립칠원도서관,경남,함안군,68220,2,1632,44311,57000
2023,LIBTYPE000002,2060121021,해운대인문학도서관,부산,해운대구,125084,9,26614,282122,202698
2023,LIBTYPE000002,2060141139,화성시립송산도서관,경기,화성시,90673,4,7944,52040,69966
2023,LIBTYPE000002,2060146026,흑산자산문화도서관,전남,신안군,9081,0,60,60,1200
2023,LIBTYPE000002,2060141082,가평군 한석봉도서관,경기,가평군,129980,6,8874,55195,34896
2023,LIBTYPE000002,2060111077,강서구립 등빛도서관,서울,강서구,89594,9,15444,164294,120982
2023,LIBTYPE000002,2060141264,고양시립 별꿈도서관,경기,고양시,16198,2,6052,97741,45110
2023,LIBTYPE000002,2060141163,고양시립 신원도서관,경기,고양시,85429,3,19573,201543,126110
2023,LIBTYPE000002,2060147043,김천시립 율곡도서관,경북,김천시,99236,3,8375,311653,217796
2023,LIBTYPE000002,2060141095,남양주시 별내도서관,경기,남양주시,120392,4,8979,77380,76524
2023,LIBTYPE000002,2060141112,남양주시 오남도서관,경기,남양주시,120721,4.5,9018,101066,70387
2023,LIBTYPE000002,2060141103,남양주시 와부도서관,경기,남양주시,143060,4,11611,184570,90046
2023,LIBTYPE000002,2060141069,남양주시 진건도서관,경기,남양주시,105586,3,3295,24119,77920
2023,LIBTYPE000002,2060141110,남양주시 평내도서관,경기,남양주시,120701,4,10956,160369,62662
2023,LIBTYPE000002,2060141208,남양주시 호평도서관,경기,남양주시,67756,2.5,9913,133415,70954
2023,LIBTYPE000002,2060141068,남양주시 화도도서관,경기,남양주시,124221,3,9207,103537,70485
2023,LIBTYPE000002,2060122007,동구구립 안심도서관,대구,동구,143137,12,11994,322942,188037
2023,LIBTYPE000002,2030122006,사립공공 연암도서관,대구,북구,13161,1,469,15977,11300
2023,LIBTYPE000002,2060111091,성북구립 청수도서관,서울,성북구,41841,4,4638,37072,27228
2023,LIBTYPE000002,2060111053,소나무언덕2호도서관,서울,송파구,27565,2,8963,80618,20220
2023,LIBTYPE000002,2060111064,소나무언덕3호도서관,서울,송파구,29700,2,15471,18596,22156
2023,LIBTYPE000002,2060122005,수성구립 용학도서관,대구,수성구,176665,10,80894,323559,160300
2023,LIBTYPE000002,2060122010,수성구립 파동도서관,대구,수성구,27592,1,13572,37742,16200
2023,LIBTYPE000002,2060148040,양산시립 서창도서관,경남,양산시,31957,2,7079,92068,72799
2023,LIBTYPE000002,2060148034,양산시립 영어도서관,경남,양산시,44828,2,1599,49488,40000
2023,LIBTYPE000002,2060148017,양산시립 웅상도서관,경남,양산시,220607,2,8608,140309,104000
2023,LIBTYPE000002,2060148027,양산시립 중앙도서관,경남,양산시,178237,7,17161,360506,146123
2023,LIBTYPE000002,2060141177,오산시 꿈두레도서관,경기,오산시,139972,3,10916,211236,55200
2023,LIBTYPE000002,2060145040,전주시립도서관 꽃심,전북,전주시,55102,7,14356,216948,179563
2023,LIBTYPE000002,2060141030,평택시립 비전도서관,경기,평택시,126563,5,4116,123396,80000
2023,LIBTYPE000002,2060141209,평택시립 진위도서관,경기,평택시,47945,0,2093,20595,13994
2023,LIBTYPE000002,2030111001,4.19 혁명기념 도서관,서울,종로구,65346,3,580,8409,26338
2023,LIBTYPE000002,2060148009,거제시립장승포도서관,경남,거제시,51050,0,0,0,0
2023,LIBTYPE000002,2060148019,거창군립한마음도서관,경남,거창군,107777,3,4376,69976,112384
2023,LIBTYPE000002,2050141010,경기의정부교육도서관,경기,의정부시,111353,6,1587,96540,148474
2023,LIBTYPE000002,2050147029,경상북도교육청문화원,경북,포항시,53707,2,2020,60560,37740
2023,LIBTYPE000002,2060141058,과천시정보과학도서관,경기,과천시,341120,9,16962,201875,420440
2023,LIBTYPE000002,2060824004,광주남구푸른길도서관,광주,남구,55257,2,4930,86780,64502
2023,LIBTYPE000002,2050124004,광주학생교육문화회관,광주,서구,164806,11,6363,147400,96000
2023,LIBTYPE000002,20601110001,구립구산동도서관마을,서울,은평구,74370,9,14212,180045,68115
2023,LIBTYPE000002,2060111048,구립은평뉴타운도서관,서울,은평구,71034,8,11892,168990,78707
2023,LIBTYPE000002,2060111049,금천구립금나래도서관,서울,금천구,66291,8,8513,142214,105320
2023,LIBTYPE000002,2060122014,대구 동구 신천도서관,대구,동구,43083,7,4313,75695,48128
2023,LIBTYPE000002,2060125001,대전광역시한밭도서관,대전,중구,909958,33,32627,505538,466287
2023,LIBTYPE000002,2060111025,동대문구정보화도서관,서울,동대문구,167951,12,9804,191690,157574
2023,LIBTYPE000002,2060147044,봉양 온누리터 도서관,경북,의성군,8859,0,1863,5600,84800
2023,LIBTYPE000002,2060141115,부천시립꿈여울도서관,경기,부천시,128881,1,17617,105750,82607
2023,LIBTYPE000002,2060141014,부천시립책마루도서관,경기,부천시,112533,2,16476,118956,94440
2023,LIBTYPE000002,2060141089,부천시립한울빛도서관,경기,부천시,135845,2,16477,121191,93995
2023,LIBTYPE000002,2060149004,서귀포시삼매봉도서관,제주,서귀포시,93601,7,5511,59467,70000
2023,LIBTYPE000002,2060111038,성동구립무지개도서관,서울,성동구,36055,5,6073,56229,33900
2023,LIBTYPE000002,2060141171,수원시광교홍재도서관,경기,수원시,127772,6,22173,254267,87480
2023,LIBTYPE000002,2060141239,수원시망포글빛도서관,경기,수원시,54536,3,22060,249172,81980
2023,LIBTYPE000002,2060141126,수원시태장마루도서관,경기,수원시,140022,2.5,22372,201359,81980
2023,LIBTYPE000002,2060141200,수원시화서다산도서관,경기,수원시,82026,3,18690,165311,81980
2023,LIBTYPE000002,2060146007,순천시립그림책도서관,전남,순천시,82167,4,1144,25647,38647
2023,LIBTYPE000002,2060146008,순천시립도서관연향관,전남,순천시,152622,3,7424,104647,62410
2023,LIBTYPE000002,2060141078,양주시립꿈나무도서관,경기,양주시,167961,3,3201,37817,51108
2023,LIBTYPE000002,20601110068,영등포생각공장도서관,서울,영등포구,11053,2,2851,39280,8400
2023,LIBTYPE000002,2060141205,용인시양지해밀도서관,경기,용인시,49872,1,2105,19617,24905
2023,LIBTYPE000002,2060123031,인천광역시마전도서관,인천,서구,56542,3.5,66042,203813,133387
2023,LIBTYPE000002,2060145033,전주시립쪽구름도서관,전북,전주시,49687,2,3255,36726,29388
2023,LIBTYPE000002,2060143015,진천군립광혜원도서관,충북,진천군,72130,2,16028,16028,41985
2023,LIBTYPE000002,2060142034,춘천시립청소년도서관,강원,춘천시,63477,5,13302,31090,98051
2023,LIBTYPE000002,2060142036,평창군립대관령도서관,강원,평창군,18541,2,626,14094,30000
2023,LIBTYPE000002,2060141225,평택시립배다리도서관,경기,평택시,241548,13,25381,612426,304000
2023,LIBTYPE000002,2060147042,포항시립구룡포도서관,경북,포항시,23485,1,4075,24470,17186
2023,LIBTYPE000002,2060111082,강서구립 곰달래도서관,서울,강서구,74200,8,13843,121165,83984
2023,LIBTYPE000002,2060111057,구로구립 온누리도서관,서울,구로구,41507,1,4444,14353,24248
2023,LIBTYPE000002,2060141279,남양주시 정약용도서관,경기,남양주시,200162,5.5,27638,414988,205192
2023,LIBTYPE000002,2060141140,남양주시 퇴계원도서관,경기,남양주시,92516,3.5,9430,131047,66288
2023,LIBTYPE000002,2060122022,수성구립 무학숲도서관,대구,수성구,17069,2,6544,79734,13500
2023,LIBTYPE000002,2060122004,수성구립 책숲길도서관,대구,수성구,35503,1,5208,44707,22620
2023,LIBTYPE000002,2060144038,아산시 탕정온샘도서관,충남,아산시,73692,4,9641,231353,88140
2023,LIBTYPE000002,2060148041,양산시립 윤현진도서관,경남,양산시,27899,3,6623,119236,80871
2023,LIBTYPE000002,2060141102,양평 양서친환경도서관,경기,양평군,55349,1,2406,47952,53998
2023,LIBTYPE000002,2060123010,인천광역시 율목도서관,인천,중구,80020,7,2196,53263,80313
2023,LIBTYPE000002,2050121006,해운대도서관 우동분관,부산,해운대구,116117,4,13224,67656,87000
2023,LIBTYPE000002,2050141006,경기여주가남교육도서관,경기,여주시,79835,7,2649,29100,78840
2023,LIBTYPE000002,2050147028,경상북도교육청정보센터,경북,경산시,177749,13,8174,256493,617554
2023,LIBTYPE000002,2060141059,고양시립아람누리도서관,경기,고양시,182022,7,26931,213393,175184
2023,LIBTYPE000002,2060124001,광주광역시립무등도서관,광주,북구,373076,16,11002,228597,317233
2023,LIBTYPE000002,2060124002,광주광역시립사직도서관,광주,남구,253310,4,5979,136264,171479
2023,LIBTYPE000002,2060124003,광주광역시립산수도서관,광주,동구,225230,3,6333,119335,162144
2023,LIBTYPE000002,2060124008,광주남구문화정보도서관,광주,남구,98950,3,5668,87526,65030
2023,LIBTYPE000002,2060147031,구미시립상모정수도서관,경북,구미시,94990,2,4880,101673,64124
2023,LIBTYPE000002,2050122001,국채보상운동기념도서관,대구,중구,505320,13,11540,145095,316949
2023,LIBTYPE000002,2060145011,김제시립도서관금구분관,전북,김제시,27210,2,482,10716,9000
2023,LIBTYPE000002,2060145010,김제시립도서관만경분관,전북,김제시,27971,1,358,4590,10000
2023,LIBTYPE000002,20601110026,내를건너서숲으로도서관,서울,은평구,59044,8,58578,136997,103685
2023,LIBTYPE000002,2050122010,대구2.28기념학생도서관,대구,동구,295358,27,56747,379416,472575
2023,LIBTYPE000002,2050122005,대구광역시립남부도서관,대구,남구,345803,13,10294,254916,86225
2023,LIBTYPE000002,2050122011,대구광역시립달성도서관,대구,달성군,140255,8,5635,190719,216377
2023,LIBTYPE000002,2050122003,대구광역시립동부도서관,대구,동구,327565,14,8751,225281,249178
2023,LIBTYPE000002,2050122009,대구광역시립두류도서관,대구,달서구,294530,11,44096,178474,218400
2023,LIBTYPE000002,2050122008,대구광역시립북부도서관,대구,북구,267541,12,14571,401268,224750
2023,LIBTYPE000002,2050122006,대구광역시립서부도서관,대구,서구,307666,14,8258,186201,229600
2023,LIBTYPE000002,2050122007,대구광역시립수성도서관,대구,수성구,299836,12,12641,331577,217976
2023,LIBTYPE000002,2060111090,동대문구 답십리 도서관,서울,동대문구,107845,10,13993,296697,139442
2023,LIBTYPE000002,2060141081,동두천꿈나무정보도서관,경기,동두천시,150004,4,3786,67252,64797
2023,LIBTYPE000002,2060141120,동탄복합문화센터도서관,경기,화성시,206014,7,30636,608408,171422
2023,LIBTYPE000002,2060145020,무주형설지공군립도서관,전북,무주군,44371,4,7152,14478,34000
2023,LIBTYPE000002,2050121007,부산광역시립구덕도서관,부산,서구,112506,10,6599,122060,159761
2023,LIBTYPE000002,2050121009,부산광역시립구포도서관,부산,북구,270194,16,27690,169580,307540
2023,LIBTYPE000002,2050121012,부산광역시립명장도서관,부산,동래구,160444,11,5070,109855,177880
2023,LIBTYPE000002,2050121005,부산광역시립반송도서관,부산,해운대구,167864,10,3810,74510,134484
2023,LIBTYPE000002,2050121004,부산광역시립부전도서관,부산,부산진구,276085,2,0,0,0
2023,LIBTYPE000002,2050121010,부산광역시립사하도서관,부산,사하구,118687,12,7973,175804,170860
2023,LIBTYPE000002,2050121008,부산광역시립서동도서관,부산,금정구,131402,10,3453,79792,129811
2023,LIBTYPE000002,2050121001,부산광역시립시민도서관,부산,부산진구,714440,28,29613,560889,689501
2023,LIBTYPE000002,2050121011,부산광역시립연산도서관,부산,연제구,130142,10,10000,166935,161835
2023,LIBTYPE000002,2050121002,부산광역시립중앙도서관,부산,중구,296883,23,41477,108309,253115
2023,LIBTYPE000002,2060141267,부천시립별빛마루도서관,경기,부천시,80100,12,22073,370621,271920
2023,LIBTYPE000002,2060141285,부천시립역곡밝은도서관,경기,부천시,9593,0.5,430,14731,78427
2023,LIBTYPE000002,2060143027,생거진천혁신도시도서관,충북,진천군,68984,3,25427,94945,84000
2023,LIBTYPE000002,2060141218,수원시광교푸른숲도서관,경기,수원시,59369,3,24103,229642,81980
2023,LIBTYPE000002,2060146031,순천시립조례호수도서관,전남,순천시,87606,3,4412,44470,52050
2023,LIBTYPE000002,20601110030,어린이청소년국학도서관,서울,종로구,24294,3,1268,27496,61558
2023,LIBTYPE000002,2060123007,인천광역시립수봉도서관,인천,미추홀구,105548,10,3642,59004,80626
2023,LIBTYPE000002,2060123006,인천광역시립영종도서관,인천,중구,107641,9,5457,102138,77930
2023,LIBTYPE000002,2060123001,인천광역시미추홀도서관,인천,남동구,576973,16.5,16502,307733,612499
2023,LIBTYPE000002,2060111047,중곡문화체육센터도서관,서울,광진구,79892,4,12140,172445,79365
2023,LIBTYPE000002,2060111019,중랑구립면목정보도서관,서울,중랑구,103293,6,22947,112097,84576
2023,LIBTYPE000002,2060148033,중리초등복합시설도서관,경남,창원시,110003,1,14685,35713,64993
2023,LIBTYPE000002,2060143029,충주어린이청소년도서관,충북,충주시,31923,3,2650,26667,25307
2023,LIBTYPE000002,2050143016,충청북도중원교육문화원,충북,충주시,69234,11,26465,101114,117478
2023,LIBTYPE000002,2060147026,포항시립동해석곡도서관,경북,포항시,39224,2,1284,15400,18698
2023,LIBTYPE000002,2060147001,포항시립포은중앙도서관,경북,포항시,232004,14,20193,347571,189482
2023,LIBTYPE000002,2030122005,꿈꾸는마을도서관 도토리,대구,북구,19397,1,1435,1464,11500
2023,LIBTYPE000002,2060141270,성남시 책테마파크도서관,경기,성남시,8392,1,4123,22153,11437
2023,LIBTYPE000002,20601110008,양천구 영어특성화도서관,서울,양천구,66022,7,14576,277939,178470
2023,LIBTYPE000002,2060145032,완주군립 둔산영어도서관,전북,완주군,58612,1.5,1884,49526,27747
2023,LIBTYPE000002,2060141259,의왕시 포일어울림도서관,경기,의왕시,21974,2,6330,114580,52410
2023,LIBTYPE000002,2060145008,익산시립도서관 마동분관,전북,익산시,248992,3,5870,104598,112922
2023,LIBTYPE000002,2030111009,지샘터 올림픽공원도서관,서울,송파구,17205,2,2471,31133,9600
2023,LIBTYPE000002,2060141231,화성시 다원이음터도서관,경기,화성시,84959,6,16733,304347,85186
2023,LIBTYPE000002,2060141241,화성시 송린이음터도서관,경기,화성시,60851,4,8753,202273,99950
2023,LIBTYPE000002,20601110063,강남구립개포하늘꿈도서관,서울,강남구,26190,15,15457,207789,97387
2023,LIBTYPE000002,2060111006,강북청소년문화정보도서관,서울,강북구,46547,3,2431,23447,27812
2023,LIBTYPE000002,2060111058,강서구립우장산숲속도서관,서울,강서구,57020,5,11650,145694,72983
2023,LIBTYPE000002,2050124005,광주송정다가치문화도서관,광주,광산구,158391,7,2956,72827,95752
2023,LIBTYPE000002,2050124002,광주학생독립운동기념회관,광주,서구,238629,10,6870,155568,143370
2023,LIBTYPE000002,2060122012,대구광역시북구대현도서관,대구,북구,68085,4,5360,108742,76931
2023,LIBTYPE000002,2050121014,부산광역시립해운대도서관,부산,해운대구,233025,17,26323,525134,300000
2023,LIBTYPE000002,2060111073,서대문구립홍은도담도서관,서울,서대문구,47950,4,5495,52136,61126
2023,LIBTYPE000002,20601110062,서초구립방배숲환경도서관,서울,서초구,35085,11,8028,38293,500000
2023,LIBTYPE000002,20601110043,성동구립매봉산숲속도서관,서울,성동구,10694,3,3054,26302,24510
2023,LIBTYPE000002,20601110005,소나무언덕잠실본동도서관,서울,송파구,30163,2,20062,45543,21850
2023,LIBTYPE000002,2060141028,용인시구갈희망누리도서관,경기,용인시,45346,0.5,4485,71317,34513
2023,LIBTYPE000002,2050146004,전라남도교육청광양도서관,전남,광양시,49880,7,2897,69297,103620
2023,LIBTYPE000002,2050146008,전라남도교육청구례도서관,전남,구례군,49732,4,1312,40440,63500
2023,LIBTYPE000002,2050146002,전라남도교육청나주도서관,전남,나주시,286925,15,3815,158172,643200
2023,LIBTYPE000002,2050146003,전라남도교육청남평도서관,전남,나주시,80360,4,1369,43331,62634
2023,LIBTYPE000002,2050146006,전라남도교육청담양도서관,전남,담양군,114718,6,2187,92618,135248
2023,LIBTYPE000002,2050146001,전라남도교육청목포도서관,전남,목포시,271307,19,4190,146193,201500
2023,LIBTYPE000002,2050146015,전라남도교육청무안도서관,전남,무안군,91146,4,1095,31214,73020
2023,LIBTYPE000002,2050146010,전라남도교육청벌교도서관,전남,보성군,73711,4,695,23016,68600
2023,LIBTYPE000002,2050146009,전라남도교육청보성도서관,전남,보성군,90162,6,1126,39264,90500
2023,LIBTYPE000002,2050146017,전라남도교육청영광도서관,전남,영광군,93353,6,2392,90176,110000
2023,LIBTYPE000002,2050146014,전라남도교육청영암도서관,전남,영암군,76676,3,475,22123,64982
2023,LIBTYPE000002,2050146018,전라남도교육청장성도서관,전남,장성군,124624,7,2442,90988,154500
2023,LIBTYPE000002,2050146012,전라남도교육청장흥도서관,전남,장흥군,62323,4,674,20897,64720
2023,LIBTYPE000002,2050146019,전라남도교육청진도도서관,전남,진도군,93436,4,990,25316,54972
2023,LIBTYPE000002,2050146016,전라남도교육청함평도서관,전남,함평군,71220,4,468,17131,65072
2023,LIBTYPE000002,2050146013,전라남도교육청해남도서관,전남,해남군,88516,5,1150,33951,74998
2023,LIBTYPE000002,2050146011,전라남도교육청화순도서관,전남,화순군,110884,6,70622,70622,90486
2023,LIBTYPE000002,2050145012,전라북도교육청무주도서관,전북,무주군,59062,3,2854,13819,32160
2023,LIBTYPE000002,2050145009,전라북도교육청완주도서관,전북,완주군,42832,3,175,1089,32160
2023,LIBTYPE000002,2050145008,전라북도교육청임실도서관,전북,임실군,53851,3,358,11401,30000
2023,LIBTYPE000002,2050145011,전라북도교육청장수도서관,전북,장수군,49965,3,9335,9335,42160
2023,LIBTYPE000002,2050145004,전라북도교육청진안도서관,전북,진안군,53632,3,192,896,30000
2023,LIBTYPE000002,2060145015,정읍시립도서관신태인분관,전북,정읍시,58477,2,809,22489,40000
2023,LIBTYPE000002,2050144017,충청남도교육청평생교육원,충남,천안시,183092,8,2309,108740,88400
2023,LIBTYPE000002,2060141077,포천시립영중꿈나무도서관,경기,포천시,32883,0,308,1847,8028
2023,LIBTYPE000002,2060147035,포항시립어린이영어도서관,경북,포항시,26086,2,1714,54475,24050
2023,LIBTYPE000002,2050148012,경상남도교육청 거제도서관,경남,거제시,119132,5,9727,351799,169480
2023,LIBTYPE000002,2050148023,경상남도교육청 거창도서관,경남,거창군,63119,5,15706,51883,88940
2023,LIBTYPE000002,2050148018,경상남도교육청 고성도서관,경남,고성군,102055,7,12648,54198,113019
2023,LIBTYPE000002,2050148007,경상남도교육청 김해도서관,경남,김해시,364372,19,14177,294488,252340
2023,LIBTYPE000002,2050148016,경상남도교육청 남지도서관,경남,창녕군,89220,4,8641,34448,70840
2023,LIBTYPE000002,2050148019,경상남도교육청 남해도서관,경남,남해군,89016,4,10381,40347,84840
2023,LIBTYPE000002,2050148002,경상남도교육청 마산도서관,경남,창원시,299601,15,11447,294381,245678
2023,LIBTYPE000002,2050148009,경상남도교육청 밀양도서관,경남,밀양시,95292,4,3315,25124,86990
2023,LIBTYPE000002,2050148006,경상남도교육청 사천도서관,경남,사천시,93420,7,16150,113953,83440
2023,LIBTYPE000002,2050148021,경상남도교육청 산청도서관,경남,산청군,89613,4,2473,28044,78440
2023,LIBTYPE000002,2050148017,경상남도교육청 양산도서관,경남,양산시,128585,6,8840,177425,121940
2023,LIBTYPE000002,2050148013,경상남도교육청 의령도서관,경남,의령군,79882,6,2601,44127,100404
2023,LIBTYPE000002,2050148003,경상남도교육청 진동도서관,경남,창원시,102085,4,2367,102085,57500
2023,LIBTYPE000002,2050148011,경상남도교육청 진양도서관,경남,진주시,118906,7,21083,115186,85840
2023,LIBTYPE000002,2050148008,경상남도교육청 진영도서관,경남,김해시,94239,5,1828,35257,83719
2023,LIBTYPE000002,2050148015,경상남도교육청 창녕도서관,경남,창녕군,114573,6,12169,46924,90992
2023,LIBTYPE000002,2050148001,경상남도교육청 창원도서관,경남,창원시,354396,19,14642,342957,273840
2023,LIBTYPE000002,2050148004,경상남도교육청 통영도서관,경남,통영시,106046,6,15268,55728,108440
2023,LIBTYPE000002,2050148010,경상남도교육청 하남도서관,경남,밀양시,81640,3,5806,24761,87440
2023,LIBTYPE000002,2050148020,경상남도교육청 하동도서관,경남,하동군,89547,5,12356,52501,89058
2023,LIBTYPE000002,2050148014,경상남도교육청 함안도서관,경남,함안군,78081,6,9076,66134,97840
2023,LIBTYPE000002,2050148022,경상남도교육청 함양도서관,경남,함양군,99097,5,5571,53878,96087
2023,LIBTYPE000002,2050148024,경상남도교육청 합천도서관,경남,합천군,98585,5,2548,48539,54320
2023,LIBTYPE000002,2050147021,경상북도교육청 고령도서관,경북,고령군,62363,4,1110,30708,51700
2023,LIBTYPE000002,2050147001,경상북도교육청 구미도서관,경북,구미시,242731,13,6376,258573,172278
2023,LIBTYPE000002,2050147012,경상북도교육청 금호도서관,경북,영천시,72974,4,1247,42525,52158
2023,LIBTYPE000002,2050147025,경상북도교육청 봉화도서관,경북,봉화군,87440,3,8877,33599,77840
2023,LIBTYPE000002,2050147003,경상북도교육청 상주도서관,경북,상주시,194611,13,5976,178516,140679
2023,LIBTYPE000002,2050147023,경상북도교육청 성주도서관,경북,성주군,85058,6,1327,43923,60499
2023,LIBTYPE000002,2050147002,경상북도교육청 안동도서관,경북,안동시,224070,14,4430,110782,187900
2023,LIBTYPE000002,2050147019,경상북도교육청 영덕도서관,경북,영덕군,73072,4,1297,41753,56000
2023,LIBTYPE000002,2050147018,경상북도교육청 영양도서관,경북,영양군,91033,4,812,24234,74000
2023,LIBTYPE000002,2050147004,경상북도교육청 영일도서관,경북,포항시,94974,4,2784,109479,62280
2023,LIBTYPE000002,2050147024,경상북도교육청 예천도서관,경북,예천군,60445,4,6881,22762,81000
2023,LIBTYPE000002,2050147008,경상북도교육청 외동도서관,경북,경주시,89792,4,1400,41268,48650
2023,LIBTYPE000002,2050147027,경상북도교육청 울릉도서관,경북,울릉군,85337,2,393,13805,51000
2023,LIBTYPE000002,2050147026,경상북도교육청 울진도서관,경북,울진군,97298,4,1413,47485,67140
2023,LIBTYPE000002,2050147016,경상북도교육청 의성도서관,경북,의성군,93370,6,1217,35121,70380
2023,LIBTYPE000002,2050147006,경상북도교육청 점촌도서관,경북,문경시,66364,6,1239,43205,68000
2023,LIBTYPE000002,2050147020,경상북도교육청 청도도서관,경북,청도군,94086,7,2089,61229,65999
2023,LIBTYPE000002,2050147017,경상북도교육청 청송도서관,경북,청송군,79459,4,693,23874,56174
2023,LIBTYPE000002,2050147022,경상북도교육청 칠곡도서관,경북,칠곡군,59939,4,1346,47910,58538
2023,LIBTYPE000002,2050145014,군산교육문화회관 대야분관,전북,군산시,43084,3,1655,6175,27840
2023,LIBTYPE000002,2050145007,김제교육문화회관 금산분관,전북,김제시,52822,2,191,4079,18000
2023,LIBTYPE000002,2060141157,남양주시 진접푸른숲도서관,경기,남양주시,100829,4,10530,158002,80105
2023,LIBTYPE000002,2050145013,남원교육문화회관 운봉분관,전북,남원시,59574,3,256,5721,24000
2023,LIBTYPE000002,2050145002,익산교육문화회관 함열분관,전북,익산시,85440,3,568,9721,40000
2023,LIBTYPE000002,2060123025,인천광역시 영종하늘도서관,인천,중구,89371,4,10331,222994,153890
2023,LIBTYPE000002,2060123024,인천광역시 청라국제도서관,인천,서구,93560,3.5,79393,219998,127198
2023,LIBTYPE000002,2060123026,인천광역시 청라호수도서관,인천,서구,111533,5,14573,280163,139947
2023,LIBTYPE000002,2060149013,제주특별자치도 한라도서관,제주,제주시,322119,10,121193,442225,241103
2023,LIBTYPE000002,2060111054,강남구립 역삼푸른솔 도서관,서울,강남구,41750,4,12485,63203,47739
2023,LIBTYPE000002,2060121022,부산광역시 남구 분포도서관,부산,남구,76215,4,9485,203757,131481
2023,LIBTYPE000002,2060111017,서대문구립이진아기념도서관,서울,서대문구,182191,13,10357,181188,202814
2023,LIBTYPE000002,2050111001,서울특별시교육청강남도서관,서울,강남구,148109,14,7583,153554,157499
2023,LIBTYPE000002,2050111002,서울특별시교육청강동도서관,서울,강동구,174708,15,9593,204423,176503
2023,LIBTYPE000002,2050111003,서울특별시교육청강서도서관,서울,강서구,226698,18,8994,238012,216752
2023,LIBTYPE000002,2050111004,서울특별시교육청개포도서관,서울,강남구,134945,16,12275,247583,146037
2023,LIBTYPE000002,2050111005,서울특별시교육청고척도서관,서울,구로구,222850,17,68922,257325,202500
2023,LIBTYPE000002,2050111006,서울특별시교육청구로도서관,서울,구로구,161277,14,10172,200509,170247
2023,LIBTYPE000002,2050111007,서울특별시교육청남산도서관,서울,용산구,503694,31,14618,238821,266083
2023,LIBTYPE000002,2050111008,서울특별시교육청도봉도서관,서울,도봉구,223339,16,8217,176631,184261
2023,LIBTYPE000002,2050111010,서울특별시교육청동작도서관,서울,동작구,105387,14,12025,276558,178346
2023,LIBTYPE000002,2050111012,서울특별시교육청송파도서관,서울,송파구,243784,22,26940,574154,240767
2023,LIBTYPE000002,2050111013,서울특별시교육청양천도서관,서울,양천구,298880,21,23638,476719,238826
2023,LIBTYPE000002,2050111014,서울특별시교육청용산도서관,서울,용산구,278958,18,75767,179589,211168
2023,LIBTYPE000002,2050111015,서울특별시교육청정독도서관,서울,종로구,500903,37,85146,170516,279429
2023,LIBTYPE000002,2050111016,서울특별시교육청종로도서관,서울,종로구,258322,17,7636,122917,197428
2023,LIBTYPE000002,2060145007,익산시립도서관(영등도서관),전북,익산시,177054,8,33852,108834,91122
2023,LIBTYPE000002,2050123007,인천광역시교육청계양도서관,인천,계양구,212437,12,12362,199052,205414
2023,LIBTYPE000002,2050123003,인천광역시교육청부평도서관,인천,부평구,237030,12,9816,169431,190000
2023,LIBTYPE000002,2050123001,인천광역시교육청북구도서관,인천,부평구,299704,15,17890,308932,540020
2023,LIBTYPE000002,2050123006,인천광역시교육청서구도서관,인천,서구,254805,13,9574,203734,218700
2023,LIBTYPE000002,2050123008,인천광역시교육청연수도서관,인천,연수구,268954,12,37018,127427,199000
2023,LIBTYPE000002,2050123004,인천광역시교육청주안도서관,인천,미추홀구,239796,13,9094,128224,200000
2023,LIBTYPE000002,2050123002,인천광역시교육청중앙도서관,인천,남동구,298596,16,15790,249130,236154
2023,LIBTYPE000002,2060144042,천안아산상생협력센터도서관,충남,천안시,71372,2,9270,266183,117063
2023,LIBTYPE000002,2060141273,파주시립중앙도서관광탄분관,경기,파주시,31002,2,984,15416,43599
2023,LIBTYPE000002,2060141071,파주시립중앙도서관금촌분관,경기,파주시,50303,1,3725,9761,20596
2023,LIBTYPE000002,2060141072,파주시립중앙도서관문산분관,경기,파주시,80375,2,5808,68099,58765
2023,LIBTYPE000002,2060141073,파주시립중앙도서관법원분관,경기,파주시,65048,2,3101,15194,23312
2023,LIBTYPE000002,2060111044,강서구립 푸른들청소년도서관,서울,강서구,65193,5,11088,111113,76955
2023,LIBTYPE000002,2050148005,경상남도교육청 삼천포도서관,경남,사천시,94028,6,18744,79185,65000
2023,LIBTYPE000002,2060144028,천안시도서관본부 도솔도서관,충남,천안시,97050,2,12643,282675,82668
2023,LIBTYPE000002,2060144029,천안시도서관본부 두정도서관,충남,천안시,220545,4,10445,263308,122472
2023,LIBTYPE000002,2060144030,천안시도서관본부 신방도서관,충남,천안시,117834,3,67911,231354,121743
2023,LIBTYPE000002,2060144014,천안시도서관본부 쌍용도서관,충남,천안시,184331,6,14392,247674,151265
2023,LIBTYPE000002,2060144021,천안시도서관본부 중앙도서관,충남,천안시,113423,4,287,2470,141522
2023,LIBTYPE000002,2060144041,천안시도서관본부 청수도서관,충남,천안시,91459,5,13595,260037,168218
2023,LIBTYPE000002,2060141197,화성시 동탄중앙이음터도서관,경기,화성시,117198,6,21097,391372,129956
2023,LIBTYPE000002,2060122013,2.28민주운동기념회관(도서관),대구,중구,53326,3,10450,10450,35000
2023,LIBTYPE000002,2060124018,광주광역시립디지털정보도서관,광주,동구,4026,2,0,0,134019
2023,LIBTYPE000002,2050111009,서울특별시교육청동대문도서관,서울,동대문구,208084,18,7716,131515,176182
2023,LIBTYPE000002,2050111011,서울특별시교육청서대문도서관,서울,서대문구,196029,18,10247,254169,198376
2023,LIBTYPE000002,2060122025,수성구립황금책문화센터도서관,대구,수성구,7150,1,18735,40944,97226
2023,LIBTYPE000002,2050123005,인천광역시교육청화도진도서관,인천,동구,182866,12,5792,99011,168220
2023,LIBTYPE000002,2050146020,전라남도교육청고흥평생교육관,전남,고흥군,100387,3,750,29675,98472
2023,LIBTYPE000002,2050146005,전라남도교육청광양평생교육관,전남,광양시,66135,3,336,31289,57000
2023,LIBTYPE000002,2050144016,충청남도교육청남부평생교육원,충남,논산시,141196,7,2537,82069,80000
2023,LIBTYPE000002,2050144015,충청남도교육청서부평생교육원,충남,서산시,132592,8,2891,90207,116638
2023,LIBTYPE000002,2050144018,충청남도교육청학생교육문화원,충남,천안시,154101,5,2119,107386,193432
2023,LIBTYPE000002,2050147005,경상북도교육청 영주선비도서관,경북,영주시,159204,12,6579,188711,150010
2023,LIBTYPE000002,2060141247,남양주시 이석영뉴미디어도서관,경기,남양주시,57294,8,12175,137932,130934
2023,LIBTYPE000002,2060123023,인천광역시 송도국제기구도서관,인천,연수구,24016,1,4864,11084,29998
2023,LIBTYPE000002,2060144023,천안시도서관본부 아우내도서관,충남,천안시,69526,1,10485,32183,57966
2023,LIBTYPE000002,2050121003,부산광역시립중앙도서관수정분관,부산,동구,86170,5,25675,71170,96750
2023,LIBTYPE000002,2050111017,서울특별시교육청고덕평생학습관,서울,강동구,176711,14,17626,399412,203401
2023,LIBTYPE000002,2050111021,서울특별시교육청노원평생학습관,서울,노원구,170691,16,13088,349753,187338
2023,LIBTYPE000002,2050111018,서울특별시교육청마포평생학습관,서울,마포구,258130,24,10568,211004,221436
2023,LIBTYPE000002,2050146007,전라남도교육청곡성교육문화회관,전남,곡성군,67579,3,887,29237,64009
2023,LIBTYPE000002,2050146021,전라남도교육청학생교육문화회관,전남,여수시,162503,10,22455,108226,170000
2023,LIBTYPE000002,2050145006,전북특별자치도교육청고창도서관,전북,고창군,59896,3,0,0,42078
2023,LIBTYPE000002,2050145005,전북특별자치도교육청순창도서관,전북,순창군,67391,3,2353,9303,45000
2023,LIBTYPE000002,2050148027,경상남도교육청 산청지리산도서관,경남,산청군,48595,4,11655,49126,23940
2023,LIBTYPE000002,2050124006,광주중앙도서관 분관 최상준도서관,광주,북구,48707,4,3358,63258,58860
2023,LIBTYPE000002,2050111020,서울특별시교육청영등포평생학습관,서울,영등포구,226088,18,10300,291230,189465
2023,LIBTYPE000002,2050144001,충청남도공주교육지원청공주도서관,충남,공주시,94284,3,686,27786,65000
2023,LIBTYPE000002,2050144002,충청남도공주교육지원청유구도서관,충남,공주시,91986,2,289,25976,59560
2023,LIBTYPE000002,2050144003,충청남도금산교육지원청금산도서관,충남,금산군,94501,3,935,31870,62392
2023,LIBTYPE000002,2050144004,충청남도당진교육지원청당진도서관,충남,당진시,96978,4,28665,88378,90000
2023,LIBTYPE000002,2050144005,충청남도보령교육지원청보령도서관,충남,보령시,102683,2,1541,18456,65000
2023,LIBTYPE000002,2050144006,충청남도보령교육지원청웅천도서관,충남,보령시,70615,3,320,9887,45000
2023,LIBTYPE000002,2050144007,충청남도부여교육지원청부여도서관,충남,부여군,92942,3,1264,34730,59140
2023,LIBTYPE000002,2050144008,충청남도서산교육지원청해미도서관,충남,서산시,83803,3,699,21324,72520
2023,LIBTYPE000002,2050144009,충청남도서천교육지원청서천도서관,충남,서천군,73501,3,1043,33807,65502
2023,LIBTYPE000002,2050144010,충청남도아산교육지원청아산도서관,충남,아산시,114910,5,20009,65915,69800
2023,LIBTYPE000002,2050144012,충청남도예산교육지원청예산도서관,충남,예산군,96028,3,1128,10842,65000
2023,LIBTYPE000002,2050144013,충청남도천안교육지원청성환도서관,충남,천안시,119345,4,1820,68435,55000
2023,LIBTYPE000002,2050144014,충청남도청양교육지원청청양도서관,충남,청양군,90467,3,7554,17241,55000
2023,LIBTYPE000002,2050144019,충청남도태안교육지원청태안도서관,충남,태안군,95295,2,1355,60017,75000
2023,LIBTYPE000002,2050144020,충청남도홍성교육지원청홍성도서관,충남,홍성군,90394,4,2123,56509,95000
2023,LIBTYPE000002,2050147013,경상북도교육청 상주도서관화령분관,경북,상주시,72770,2,388,13181,26016
2023,LIBTYPE000002,2050147007,경상북도교육청 안동도서관용상분관,경북,안동시,93242,4,2380,72377,65340
2023,LIBTYPE000002,2050147010,경상북도교육청 안동도서관풍산분관,경북,안동시,96303,3,761,25142,61080
2023,LIBTYPE000002,2050147014,경상북도교육청 점촌도서관가은분관,경북,문경시,44845,3,425,7250,32800
2023,LIBTYPE000002,2060144022,천안시도서관본부도서관 성거도서관,충남,천안시,84875,2,4684,46980,66011
2023,LIBTYPE000002,2050147015,대구광역시교육청삼국유사군위도서관,대구,군위군,84641,6,1012,24711,73535
2023,LIBTYPE000002,2050144011,세종특별자치시교육청평생교육학습관,세종,세종시,148044,4,1864,65908,123669
2023,LIBTYPE000002,2050146022,전라남도교육청순천만생태문화교육원,전남,순천시,34509,3,1211,50920,34616
2023,LIBTYPE000002,2050148026,경상남도교육청 김해지혜의바다도서관,경남,김해시,95896,9,11524,323855,191640
2023,LIBTYPE000002,2050148025,경상남도교육청 마산지혜의바다도서관,경남,창원시,144081,10,33070,305320,160680
2023,LIBTYPE000002,2030141002,한아름도서관 (수원청소년문화센터내),경기,수원시,47208,0,14854,36040,4877
2023,LIBTYPE000002,2050147011,경상북도교육청 영주선비도서관풍기분관,경북,영주시,85478,3,936,46612,37348
2023,LIBTYPE000002,2050111019,서울특별시교육청마포평생학습관 아현분관,서울,마포구,134233,9,8394,210348,153490
2023,LIBTYPE000002,2030141008,한국장학재단-은행권 제1호 대학생연합생활관 인성교육관 도서관,경기,고양시,12727,1,510,7149,9200
2023,LIBTYPE000002,2060811018,둘리도서관,서울,도봉구,14912,1,2550,9004,8288
2023,LIBTYPE000002,2060845002,늘푸른도서관,전북,군산시,87815,3,5421,77450,80787
2023,LIBTYPE000002,2030842001,담작은도서관,강원,춘천시,27878,4,2857,35975,37144
2023,LIBTYPE000002,2060811007,해오름도서관,서울,성북구,30631,3,3978,53909,22683
2023,LIBTYPE000002,2060846003,광양희망도서관,전남,광양시,56228,4,2891,104055,62217
2023,LIBTYPE000002,2060843004,맹동혁신도서관,충북,음성군,40484,4,2702,71053,35000
2023,LIBTYPE000002,2060821005,강서기적의도서관,부산,강서구,71252,6,10906,260126,106500
2023,LIBTYPE000002,2060811009,개봉어린이도서관,서울,구로구,15694,1,1361,3904,492
2023,LIBTYPE000002,2060823005,관교어린이도서관,인천,미추홀구,28224,0,6711,26142,19698
2023,LIBTYPE000002,2060811020,궁동어린이도서관,서울,구로구,24870,3,2530,50058,31410
2023,LIBTYPE000002,2060844001,금산기적의도서관,충남,금산군,51660,1,3360,17986,20000
2023,LIBTYPE000002,2060848006,김해기적의도서관,경남,김해시,59094,3,11844,227467,61000
2023,LIBTYPE000002,2030821001,꿈키어린이도서관,부산,동래구,8752,1,2172,5344,0
2023,LIBTYPE000002,2060848010,남부어린이도서관,경남,진주시,39925,3,6310,167354,71781
2023,LIBTYPE000002,2060811001,노원어린이도서관,서울,노원구,66962,8,8737,168441,54305
2023,LIBTYPE000002,2060822001,달서어린이도서관,대구,달서구,85526,2,5812,129583,40297
2023,LIBTYPE000002,2060811016,대방어린이도서관,서울,동작구,32414,2,8499,121142,42733
2023,LIBTYPE000002,2060848003,도동어린이도서관,경남,진주시,28547,2,2096,37029,33944
2023,LIBTYPE000002,2060811017,도봉기적의도서관,서울,도봉구,40136,4,5375,70671,40006
2023,LIBTYPE000002,2060831002,명촌어린이도서관,울산,북구,29306,1,11338,42635,22148
2023,LIBTYPE000002,2060846002,목포어린이도서관,전남,목포시,69722,3,12422,47124,50000
2023,LIBTYPE000002,2030841001,반달어린이도서관,경기,수원시,35056,1,8011,11269,8600
2023,LIBTYPE000002,2060823010,부개어린이도서관,인천,부평구,23701,3,2292,22245,29183
2023,LIBTYPE000002,2060823001,부평기적의도서관,인천,부평구,53627,8,4546,65436,31814
2023,LIBTYPE000002,2060848004,비봉어린이도서관,경남,진주시,24351,0,1375,20349,18773
2023,LIBTYPE000002,2050825001,산성어린이도서관,대전,중구,73896,7,4828,187797,130570
2023,LIBTYPE000002,2020125001,서구어린이도서관,대전,서구,67854,2,2771,92128,51863
2023,LIBTYPE000002,2060822002,서구어린이도서관,대구,서구,60347,1.5,2616,79750,46695
2023,LIBTYPE000002,2060844003,서산어린이도서관,충남,서산시,69558,3,4279,145182,70436
2023,LIBTYPE000002,2060811006,송파어린이도서관,서울,송파구,82834,5,13401,242294,68170
2023,LIBTYPE000002,2060846001,순천기적의도서관,전남,순천시,91953,4,3755,88428,37646
2023,LIBTYPE000002,2060823006,숭의어린이도서관,인천,미추홀구,0,0,451,2071,0
2023,LIBTYPE000002,2060823008,쑥골어린이도서관,인천,미추홀구,22891,0,8096,33100,22407
2023,LIBTYPE000002,2060841004,안양어린이도서관,경기,안양시,105636,5,14649,419079,105500
2023,LIBTYPE000002,2060841009,양평어린이도서관,경기,양평군,66817,1,2826,106624,75798
2023,LIBTYPE000002,2060831003,옥현어린이도서관,울산,남구,32913,0.5,2460,67939,37056
2023,LIBTYPE000002,2060824002,운남어린이도서관,광주,광산구,61410,2,5736,142479,68850
2023,LIBTYPE000002,2060811025,월계어린이도서관,서울,노원구,17691,1,4481,41668,10500
2023,LIBTYPE000002,2060823016,이랑어린이도서관,인천,미추홀구,24608,0,5940,21188,20689
2023,LIBTYPE000002,2060811029,장안어린이도서관,서울,동대문구,36441,3,2659,55846,48304
2023,LIBTYPE000002,2060821001,재송어린이도서관,부산,해운대구,119441,3,6451,193904,75676
2023,LIBTYPE000002,2060821004,정관어린이도서관,부산,기장군,46673,2,3675,91049,52000
2023,LIBTYPE000002,2060841017,정왕어린이도서관,경기,시흥시,69436,2,1243,95355,45422
2023,LIBTYPE000002,2060845001,정읍기적의도서관,전북,정읍시,72984,3,5749,41424,70000
2023,LIBTYPE000002,2060843002,제천기적의도서관,충북,제천시,117230,6,1327,61685,41500
2023,LIBTYPE000002,2060811011,종암동새날도서관,서울,성북구,46183,5,3920,53442,20514
2023,LIBTYPE000002,2060848002,진해기적의도서관,경남,창원시,71911,3,5073,85938,20000
2023,LIBTYPE000002,2060847001,청도어린이도서관,경북,청도군,60086,2,628,21132,25000
2023,LIBTYPE000002,2060843001,청주기적의도서관,충북,청주시,47606,4,4166,80238,35437
2023,LIBTYPE000002,2060811030,하계어린이도서관,서울,노원구,9319,2,3632,21986,11350
2023,LIBTYPE000002,2060843005,호암어린이도서관,충북,충주시,12872,0,1145,18780,150000
2023,LIBTYPE000002,2060842001,화천어린이도서관,강원,화천군,28578,0,977,33524,19997
2023,LIBTYPE000002,2030841002,화홍어린이도서관,경기,수원시,12107,0,841,2305,1200
2023,LIBTYPE000002,2060811015,휘경어린이도서관,서울,동대문구,32305,4,2902,69261,33727
2023,LIBTYPE000002,2030848001,마하 어린이도서관,경남,진주시,17078,1,2169,2906,3000
2023,LIBTYPE000002,2060111045,도봉아이나라도서관,서울,도봉구,109593,6,29551,141548,51354
2023,LIBTYPE000002,2060823007,독정골어린이도서관,인천,미추홀구,19526,0,2831,11147,15809
2023,LIBTYPE000002,2060111043,동작영어마루도서관,서울,동작구,40492,3,5881,50666,56000
2023,LIBTYPE000002,2060841003,바른샘어린이도서관,경기,수원시,125160,2,11491,118326,15103
2023,LIBTYPE000002,2060848007,사천시어린이도서관,경남,사천시,35896,3,1348,54676,36000
2023,LIBTYPE000002,2060811022,삼각산어린이도서관,서울,강북구,30080,3,3892,81759,26000
2023,LIBTYPE000002,2060849002,서귀포기적의도서관,제주,서귀포시,46546,3,4701,77381,32993
2023,LIBTYPE000002,2060811026,손기정어린이도서관,서울,중구,26122,4,3487,93089,59085
2023,LIBTYPE000002,2060821007,수영구어린이도서관,부산,수영구,29322,3,3975,130541,5000
2023,LIBTYPE000002,2060841001,슬기샘어린이도서관,경기,수원시,124979,4,11009,89188,15103
2023,LIBTYPE000002,2060811023,아리랑어린이도서관,서울,성북구,35063,4,3729,55304,22675
2023,LIBTYPE000002,2060841023,의왕시글로벌도서관,경기,의왕시,89109,1,6159,161055,60340
2023,LIBTYPE000002,2060823012,장사래어린이도서관,인천,미추홀구,21083,0,4679,18812,16794
2023,LIBTYPE000002,2060849001,제주시기적의도서관,제주,제주시,59483,3,14830,129501,66971
2023,LIBTYPE000002,2060811014,중랑숲어린이도서관,서울,중랑구,56325,5,4607,93209,87457
2023,LIBTYPE000002,2060841002,지혜샘어린이도서관,경기,수원시,135506,2,39047,143422,15103
2023,LIBTYPE000002,2060841008,군포시 어린이도서관,경기,군포시,111729,2,6284,180840,71160
2023,LIBTYPE000002,2060823017,별똥별 어린이도서관,인천,계양구,11891,1,214,1104,173000
2023,LIBTYPE000002,2060848008,양산시립 상북도서관,경남,양산시,19363,1,589,21876,6413
2023,LIBTYPE000002,2060841016,이천시 어린이도서관,경기,이천시,105258,3,3697,170258,76711
2023,LIBTYPE000002,2060811003,강서길꽃어린이도서관,서울,강서구,64238,6,41160,136072,56483
2023,LIBTYPE000002,2060841026,달빛나래어린이도서관,경기,화성시,20648,2,2156,51410,61376
2023,LIBTYPE000002,2060821006,동구어린이영어도서관,부산,동구,41686,3,1786,60723,62747
2023,LIBTYPE000002,2060811021,못골한옥어린이도서관,서울,강남구,33697,6,11402,109741,53772
2023,LIBTYPE000002,2060823011,송도국제어린이도서관,인천,연수구,71074,3,110950,253595,100000
2023,LIBTYPE000002,2060811019,송파어린이영어도서관,서울,송파구,32620,4,5995,151876,35540
2023,LIBTYPE000002,2060847002,안동시립어린이도서관,경북,안동시,53354,3,2367,88372,78299
2023,LIBTYPE000002,2060841006,안산단원어린이도서관,경기,안산시,142283,2.5,19136,85879,47242
2023,LIBTYPE000002,2060124010,어린이생태학습도서관,광주,서구,57437,3,5517,215475,75286
2023,LIBTYPE000002,2060821002,영도어린이영어도서관,부산,영도구,94257,1,19206,45499,35000
2023,LIBTYPE000002,2060811031,용두어린이영어도서관,서울,동대문구,28986,3,7470,36129,31241
2023,LIBTYPE000002,2060831001,울산북구기적의도서관,울산,북구,53200,1,2438,41312,27000
2023,LIBTYPE000002,2060841015,두빛나래 어린이도서관,경기,화성시,76853,3,7599,192169,49702
2023,LIBTYPE000002,2060822004,수성구립 물망이도서관,대구,수성구,35072,1,5989,85586,22500
2023,LIBTYPE000002,2060811005,강서꿈꾸는어린이도서관,서울,강서구,64812,5,10090,25589,59537
2023,LIBTYPE000002,2060811013,글마루한옥어린이도서관,서울,구로구,27410,3,4909,28451,22964
2023,LIBTYPE000002,2060811024,마포푸르메어린이도서관,서울,마포구,20115,2,5541,93964,22445
2023,LIBTYPE000002,2060841022,성남시중원어린이도서관,경기,성남시,110399,2,12978,119283,58006
2023,LIBTYPE000002,2060841024,성남시판교어린이도서관,경기,성남시,131479,2.5,21976,393914,135304
2023,LIBTYPE000002,2060849003,제주꿈바당어린이도서관,제주,제주시,43965,0,0,0,29992
2023,LIBTYPE000002,2060848001,진주시어린이전문도서관,경남,진주시,77000,4.5,5588,147141,75460
2023,LIBTYPE000002,2060848009,진주시혁신어린이도서관,경남,진주시,50934,2.5,5070,150809,53779
2023,LIBTYPE000002,2060843003,청주신율봉어린이도서관,충북,청주시,79286,2,16233,81678,29930
2023,LIBTYPE000002,2060841018,평택시립지산초록도서관,경기,평택시,157974,4,5792,92557,55975
2023,LIBTYPE000002,2060841010,고양시립주엽어린이도서관,경기,고양시,120476,3,14661,247358,78790
2023,LIBTYPE000002,2060841012,고양시립행신어린이도서관,경기,고양시,100957,2,6083,213769,67873
2023,LIBTYPE000002,2060841011,고양시립화정어린이도서관,경기,고양시,99956,1,14984,216965,68140
2023,LIBTYPE000002,2060845003,남원시어린이청소년도서관,전북,남원시,34013,2,1975,19968,3000
2023,LIBTYPE000002,2060841005,안산시립상록어린이도서관,경기,안산시,121993,1.5,14901,51265,44156
2023,LIBTYPE000002,2060841020,오산시립 햇살마루 도서관,경기,오산시,49291,1,3574,38572,33190
2023,LIBTYPE000002,2060821003,부산진구어린이청소년도서관,부산,부산진구,44353,2.5,4351,108020,75160
2023,LIBTYPE000002,2050823001,인천광역시교육청평생학습관,인천,연수구,51441,4,3103,62198,81978
2023,LIBTYPE000002,2050811001,서울특별시교육청어린이도서관,서울,종로구,277180,19,8491,417468,208497
2023,LIBTYPE000002,2060844002,아산시꿈샘어린이청소년도서관,충남,아산시,105981,4,7568,168219,100000
2023,LIBTYPE000002,2060841021,화성시립둥지나래어린이도서관,경기,화성시,77197,3,7373,122634,45637
2023,LIBTYPE000002,2060811008,서대문구립남가좌새롬어린이도서관,서울,서대문구,58760,2,5283,94487,33151
2023,LIBTYPE000002,2060811012,남산타운문화체육센터 어린이도서관,서울,중구,37103,3,2918,55880,41657
